customer_id,total_spent
6477,2798.16
6679,2246.56
5920,2206.81
7932,2194.54
9964,2177.64
7299,2103.78
2359,2076.7
9476,2070.76
3869,2068.09
1132,2054.37
6318,1998.57
3509,1983.56
4932,1973.11
3862,1970.4
7250,1967.25
2113,1957.57
4559,1930.9
4578,1921.37
6351,1897.42
1807,1897.21
8170,1874.61
1828,1873.09
2833,1872.57
5072,1872.08
2133,1868.41
8822,1851.4
2329,1833.18
8259,1827.25
5501,1823.4
8672,1821.44
9078,1812.2
8214,1801.35
4669,1798.34
2448,1792.68
4700,1782.52
1388,1782.09
3292,1773.36
7934,1747.86
9246,1740.51
5002,1738.07
5413,1735.22
8795,1734.43
8846,1724.6
9955,1724.29
2633,1716.54
1070,1712.76
5374,1711.08
6468,1710.2
8271,1704.34
9693,1698.87
9818,1693.68
6460,1692.9
2659,1682.63
8756,1682.16
8698,1676.71
1543,1672.26
4360,1669.49
9743,1666.44
8586,1665.18
7644,1662.75
5466,1662.51
9317,1657.73
9570,1649.42
7950,1646.85
3381,1643.5
7208,1636.21
7265,1635.92
1498,1633.88
7524,1618.75
3999,1617.88
9516,1615.9
8397,1613.93
9870,1606.92
9381,1597.17
3224,1593.58
4432,1587.01
1647,1585.64
2245,1582.91
9141,1578.05
1264,1573.45
5045,1572.34
8812,1561.85
7493,1560.91
3713,1559.36
7819,1558.65
2415,1556.54
5472,1554.38
9840,1553.64
7290,1552.05
3981,1546.78
8454,1546.39
1971,1539.11
5480,1536.02
8708,1535.59
4865,1534.95
1782,1524.16
2552,1523.98
3734,1522.18
2970,1522.07
5006,1519.4
9564,1518.93
2376,1514.66
3845,1510.99
8354,1510.27
3416,1508.96
6067,1506.67
5967,1505.53
6395,1504.95
6364,1500.22
5554,1499.75
4760,1499.01
1491,1495.48
3267,1493.61
9978,1493.57
6927,1493.26
3018,1488.17
9243,1487.4
3320,1481.76
8598,1480.57
6674,1480.21
3068,1477.27
8116,1473.71
7764,1470.09
9011,1469.01
2696,1468.22
1394,1464.6
6493,1464.42
9230,1461.37
8357,1460.3
8045,1458.54
8960,1457.79
9334,1456.83
9979,1456.02
4955,1455.64
4869,1452.19
7852,1448.99
3494,1446.26
3332,1445.19
7974,1442.28
2999,1440.83
4568,1438.33
8590,1436.39
6926,1435.81
6214,1431.99
5668,1431.39
4613,1430.64
2069,1427.39
7671,1425.96
9102,1420.79
6452,1420.55
6215,1419.14
3527,1418.15
8171,1417.93
2431,1416.93
8319,1416.62
1272,1411.33
2737,1409.16
2521,1407.85
7096,1403.4
8999,1402.9
5762,1402.85
6084,1401.95
6087,1401.81
5889,1401.06
3105,1398.3
5578,1395.17
9598,1393.29
5148,1392.32
1862,1387.26
3621,1384.04
2986,1371.06
8178,1370.91
6383,1369.7
1710,1368.0
4733,1364.49
1531,1364.37
7989,1363.82
4281,1363.75
8130,1363.2
7627,1362.1
6333,1360.5
4319,1360.4
3414,1359.74
5747,1358.66
6421,1357.65
1942,1357.62
7882,1356.56
1595,1355.61
9875,1354.36
6901,1353.57
8472,1351.76
2609,1350.43
8594,1349.63
1717,1349.51
4683,1347.5
7586,1345.48
5571,1344.6
1608,1342.97
3572,1342.26
2103,1341.81
1908,1341.13
1181,1340.98
6761,1340.29
6658,1340.04
4239,1337.03
2971,1336.6
7859,1336.32
9119,1335.93
6535,1335.79
2876,1333.36
7919,1332.62
4651,1331.56
3065,1331.21
2941,1330.0
5478,1328.93
1558,1326.88
7997,1326.15
9433,1324.78
8786,1323.85
3285,1319.47
1182,1319.07
2841,1317.14
1881,1316.83
9520,1312.55
6425,1311.5
6715,1311.24
7169,1310.44
1232,1310.19
8794,1309.3
7347,1307.52
3126,1307.1
2882,1306.31
7258,1302.88
1324,1301.89
9179,1300.43
1451,1300.37
3906,1299.57
6314,1299.31
1050,1296.2
1423,1293.73
7869,1293.64
6328,1293.11
7438,1291.61
4982,1290.69
1959,1290.39
2866,1288.88
8020,1288.35
9059,1288.27
1009,1288.17
7951,1287.5
2960,1286.6
7166,1286.0
2102,1285.5
4646,1285.24
4919,1284.17
7622,1283.08
8337,1281.55
8667,1280.82
4706,1280.44
5760,1279.16
3540,1278.61
6690,1278.12
4020,1278.05
1432,1277.97
5330,1276.84
8159,1275.3
8293,1273.94
7436,1273.75
3885,1273.57
3138,1273.54
7511,1272.8
2086,1272.37
2829,1271.99
8485,1271.77
8475,1271.25
6094,1271.24
3535,1268.09
1749,1267.32
7396,1266.89
3158,1266.8
2791,1266.38
2163,1266.27
2765,1265.38
6286,1263.24
8869,1261.47
1645,1260.82
6473,1260.12
8835,1259.58
5661,1258.37
3282,1258.0
3444,1257.98
4089,1256.5
7520,1256.24
5963,1256.17
4495,1254.68
9751,1253.91
2780,1252.81
3947,1251.8
9856,1250.2
5287,1249.71
2744,1249.05
5590,1248.34
3243,1246.12
2309,1245.4
5628,1245.38
8091,1244.9
8716,1244.27
9161,1242.8
2570,1242.34
6896,1241.24
1138,1241.24
4296,1240.14
8361,1238.61
3205,1238.24
4707,1238.15
6072,1237.67
1194,1236.98
9605,1236.16
8460,1234.46
6129,1234.24
8776,1234.12
3208,1232.9
3521,1232.79
1457,1232.72
3993,1232.12
2402,1230.6
5581,1228.92
4438,1227.98
1273,1226.73
8938,1226.57
5621,1225.25
4757,1222.3
7844,1221.9
9748,1221.4
4977,1221.25
4941,1221.03
6810,1220.74
1540,1217.94
5444,1216.13
4215,1215.44
3328,1214.06
1266,1212.98
5562,1212.52
6652,1211.55
4463,1210.37
5225,1210.24
1170,1209.98
4157,1208.63
6875,1208.59
8443,1208.49
2386,1208.37
7316,1207.21
7071,1205.65
9364,1205.25
5190,1203.49
6825,1203.24
2206,1201.82
8542,1200.51
9573,1198.88
7850,1198.48
3955,1198.2
6854,1198.15
5237,1196.41
5780,1194.54
3258,1193.65
6482,1193.27
9652,1193.13
9837,1190.86
7531,1189.8
9457,1189.67
8711,1187.53
2661,1187.24
7232,1186.68
9022,1186.12
1341,1184.8
9322,1184.67
4412,1184.31
8273,1183.39
8679,1183.3
8324,1182.13
2312,1180.25
6500,1179.54
1375,1179.24
8871,1179.17
4511,1178.85
7716,1177.91
2940,1177.8
3856,1177.39
9847,1177.03
7874,1176.68
6636,1175.91
7447,1175.49
7542,1174.38
2230,1173.79
4442,1173.69
5748,1173.65
4647,1173.6
7143,1172.44
4248,1171.67
3069,1170.08
9015,1168.1
3354,1165.85
9697,1165.59
1372,1165.06
7848,1163.35
7076,1162.0
4681,1161.13
4822,1159.85
2763,1159.78
1157,1159.57
5947,1158.98
1600,1158.22
4479,1158.02
8328,1157.96
6225,1157.88
2565,1157.05
7268,1156.75
1416,1156.54
7366,1156.04
6795,1155.47
8656,1155.16
1057,1155.16
7225,1153.33
4542,1152.64
8081,1152.01
2477,1151.01
5174,1150.9
6360,1149.88
6785,1149.59
3319,1147.99
5849,1147.47
9133,1145.81
3148,1145.68
3336,1145.53
9715,1145.02
9328,1144.63
4327,1144.04
9832,1143.88
6235,1143.83
7308,1143.75
7082,1142.44
1903,1142.3
5009,1142.09
8580,1141.8
4781,1141.77
7626,1140.13
8877,1139.69
8086,1138.55
3603,1137.87
8920,1136.57
1770,1135.7
4878,1134.45
4519,1134.23
4085,1133.74
4330,1133.15
8517,1132.99
4985,1132.56
1811,1131.89
9481,1130.48
6876,1130.41
9574,1130.34
1560,1129.28
1440,1128.88
9132,1128.34
2886,1128.07
2909,1127.74
4407,1127.41
8240,1126.82
1914,1126.69
9586,1126.36
7304,1126.24
8329,1125.97
6771,1125.73
4552,1125.28
5118,1125.24
6269,1125.2
3986,1125.08
1513,1123.88
6914,1123.77
3583,1123.62
6618,1122.38
1842,1121.19
7249,1120.74
7252,1120.72
4938,1120.26
4802,1119.36
5919,1117.67
8157,1117.14
2468,1116.53
1790,1115.06
1083,1114.91
4847,1112.51
1824,1112.03
9195,1111.96
3525,1111.33
7759,1110.75
4695,1108.05
6545,1107.31
9831,1106.96
3791,1106.06
6237,1105.85
9467,1105.75
4030,1105.22
7763,1104.08
9123,1104.06
1577,1104.03
6922,1103.73
8039,1101.55
2414,1100.94
1130,1100.12
2951,1099.27
5000,1098.17
2641,1097.72
7946,1096.79
3048,1096.72
3916,1096.13
1349,1096.13
5742,1095.35
2108,1093.63
1377,1092.87
8079,1092.39
9166,1091.65
3883,1091.57
1447,1091.22
3704,1091.03
2615,1090.83
8921,1090.66
7735,1090.29
2748,1090.13
1917,1090.07
5519,1089.37
1794,1089.21
6787,1088.21
7176,1087.88
8331,1087.64
6379,1087.05
4437,1086.9
2392,1086.16
6490,1085.44
4922,1085.03
6431,1084.82
8495,1083.02
2262,1082.88
6259,1082.12
4311,1081.83
2298,1081.58
7389,1080.69
8126,1079.79
5985,1079.56
5891,1079.51
8548,1079.37
4172,1079.36
3612,1078.84
1674,1077.79
8144,1077.01
4627,1076.17
2388,1076.1
6598,1075.78
1355,1075.69
4770,1075.07
8349,1074.62
9824,1074.43
3431,1074.14
8370,1073.06
3423,1072.98
3730,1072.93
3120,1071.87
4544,1071.67
6464,1071.03
9245,1070.32
9666,1066.73
9177,1066.48
6291,1066.4
8540,1065.91
8074,1065.31
9538,1063.89
8589,1062.82
2142,1062.78
3532,1062.26
8836,1060.88
1471,1059.52
7697,1059.05
7554,1058.93
6045,1058.87
2753,1058.85
2096,1057.54
3200,1057.09
9496,1057.04
5395,1056.74
2734,1055.76
1894,1055.69
5702,1055.58
6122,1055.14
4502,1054.84
1750,1054.79
6486,1054.66
4906,1054.31
1753,1054.0
8715,1053.92
2458,1053.52
9009,1053.24
7131,1053.14
4562,1052.16
5068,1051.85
7547,1051.14
3757,1050.88
7046,1050.45
5600,1050.33
1764,1050.33
6384,1050.01
4426,1049.49
2635,1048.38
4148,1047.81
9698,1046.5
9912,1046.43
5820,1044.99
6990,1044.9
1684,1044.72
1877,1043.63
8645,1043.23
7841,1042.97
3445,1041.17
2938,1039.64
8350,1038.91
4414,1038.81
6508,1037.17
5673,1036.72
2409,1036.63
3647,1035.91
7149,1035.12
9810,1035.04
6510,1034.96
2564,1034.61
8418,1034.58
3415,1034.26
5169,1033.79
5439,1033.75
1277,1033.28
2889,1032.9
3139,1032.39
5556,1032.07
6830,1031.17
7695,1030.71
8628,1030.64
3378,1030.5
9919,1029.5
9378,1029.11
6397,1028.71
3726,1028.54
5115,1027.97
4250,1026.1
5253,1025.52
4726,1025.48
2315,1025.31
5079,1024.48
6105,1024.26
7326,1024.02
6143,1023.38
4004,1020.93
2349,1020.23
5761,1019.81
5647,1019.28
2237,1019.08
6243,1018.07
9466,1017.97
9137,1017.43
6536,1017.12
1834,1016.36
1262,1016.08
7181,1015.87
4652,1014.41
2827,1014.2
4367,1013.75
3826,1013.12
7244,1012.22
1060,1012.2
7539,1011.94
1326,1011.39
5098,1010.75
1576,1010.39
5669,1010.22
1001,1009.46
2684,1009.25
6518,1008.53
8096,1008.12
1640,1008.02
2234,1007.86
7904,1007.63
6868,1007.58
6769,1007.1
1644,1006.95
5027,1006.04
3784,1005.54
3472,1005.46
2880,1004.72
2195,1003.83
4018,1001.96
3143,1000.8
4943,1000.7
9518,1000.13
4762,999.43
5544,999.34
1719,999.01
4055,998.67
6633,997.87
9115,997.6
7126,997.1
9536,997.08
7911,997.01
5498,996.85
8669,996.7
7388,996.44
7292,996.4
2740,996.27
6279,995.45
1382,995.33
9165,994.87
8825,993.91
8891,993.51
4496,992.57
2937,992.12
3352,990.26
5934,990.09
9986,989.88
4451,988.7
6593,988.23
7767,988.1
8114,987.95
9074,987.87
1428,987.81
1114,987.28
5989,986.63
2350,986.6
9735,986.49
5563,985.83
4694,985.31
7293,985.23
4541,984.81
4566,984.1
2479,983.67
3326,983.52
3956,982.6
3905,980.43
4493,980.26
5026,980.1
5418,979.8
2393,978.79
6913,978.11
5637,977.9
2407,977.75
3868,977.03
3923,977.01
4872,976.37
1893,975.65
6798,975.48
9199,975.33
5895,974.56
5461,974.55
9835,974.27
6654,973.81
2931,973.27
1212,972.19
9841,972.16
9247,972.13
5414,972.1
8838,972.09
2625,972.05
8699,971.35
4551,970.87
2505,970.63
5641,970.53
6209,970.49
9653,969.87
6871,969.78
1786,969.21
6986,969.04
8804,968.76
9028,968.12
5739,967.93
4644,967.6
6613,967.48
1100,966.72
1672,966.46
9084,966.43
4964,966.33
8231,966.29
1031,966.27
6287,966.16
6734,965.33
8046,964.9
2796,964.59
1079,964.52
1703,964.37
5551,963.91
5695,963.67
9185,962.21
9314,961.88
5008,961.39
4087,961.35
6728,961.04
1294,960.84
8967,960.49
1066,959.77
1725,959.5
2016,959.25
6006,958.81
6777,958.75
1078,958.35
6952,958.26
6907,957.94
3307,957.71
2874,957.44
8366,957.12
3721,956.83
7809,956.56
9331,956.41
8817,956.4
7459,956.29
2930,955.85
2025,955.74
4871,955.54
7269,955.44
8175,954.63
2198,954.23
7085,954.18
3727,953.37
7038,952.65
4058,952.5
9222,952.49
8700,951.57
2735,951.26
7313,951.17
3322,950.33
5157,949.81
6917,949.6
7456,949.22
6811,949.14
2244,949.01
6864,948.31
5379,948.27
6409,948.15
1960,948.03
9095,947.49
7275,947.15
7500,946.9
7637,946.59
7274,946.28
5734,945.97
4587,945.76
6134,944.28
4524,943.46
6231,943.29
3618,943.29
6797,942.81
9109,942.67
7102,942.6
5247,942.38
7390,942.23
6931,941.2
3025,941.17
4619,939.7
2922,939.63
7810,939.44
9333,939.38
9962,939.2
6530,939.02
6735,938.69
2582,938.29
1819,938.29
4098,938.19
2756,937.31
5885,936.46
9235,935.77
9820,935.61
7296,935.23
6544,934.82
6428,934.36
3914,933.99
2998,933.86
8051,933.07
1550,932.52
5543,932.51
5995,932.41
3182,931.56
9690,930.61
7125,930.54
1364,930.39
6705,930.04
5467,928.92
3171,928.82
5303,928.78
9143,928.7
8912,928.69
2614,928.53
2928,928.46
1408,928.35
6071,928.3
8873,927.23
3072,927.09
4051,926.86
1043,926.51
9432,926.43
7804,926.19
2654,925.9
1990,925.83
1500,925.57
4588,925.56
6198,925.1
2453,923.92
5990,923.66
3745,923.42
1340,923.42
9470,923.37
1996,922.44
3664,921.72
1849,921.3
3442,921.2
5921,920.49
8308,919.9
8965,919.61
7211,919.5
5023,919.39
1759,918.55
2781,918.3
9790,917.46
9544,917.37
5315,916.9
3655,916.88
4366,916.49
6466,916.44
1852,915.85
5547,915.4
6594,915.39
5833,915.16
4471,914.93
9360,914.69
7658,914.59
3466,914.0
9248,913.85
7761,913.7
2229,912.75
7361,912.2
2274,912.09
2506,910.85
1963,910.64
3187,910.59
8353,910.44
5678,910.25
4083,910.21
1046,909.76
9956,909.66
4190,909.44
5288,909.19
1319,908.89
4962,908.88
2682,908.76
4176,908.53
6974,908.39
6884,908.02
4817,907.42
9655,907.05
9146,906.98
4445,906.32
4005,906.26
4903,905.75
1601,905.48
5015,905.47
4079,905.3
5280,904.94
2045,904.56
4497,904.53
5677,904.49
9907,904.46
5122,904.41
7726,904.4
9444,903.97
2346,903.82
9437,903.12
1872,903.01
3938,902.85
6427,902.53
4981,902.24
9990,901.96
2268,901.66
2527,901.35
3338,901.27
6340,901.19
6631,900.95
5981,900.81
7054,900.65
9612,900.46
9315,900.4
5956,899.94
8964,899.85
2749,899.73
4183,899.57
4029,899.22
2391,898.93
8906,898.91
5423,898.89
1818,898.61
4854,898.54
7899,897.26
4014,896.22
2710,895.82
6923,895.68
2533,894.44
9279,894.41
5962,893.82
5333,893.75
6234,893.56
5036,893.45
4783,893.2
9420,893.03
7339,892.36
1899,892.23
8726,892.16
6642,891.94
2334,891.34
8559,891.14
7457,891.1
9524,890.89
7513,889.97
9393,889.93
5214,889.81
2891,889.63
1642,888.86
3518,888.73
3579,888.61
9384,888.48
2412,888.44
3731,888.32
1993,887.91
5107,887.67
6945,887.65
6167,887.16
6052,886.68
8493,886.35
6796,886.07
9689,886.03
8663,885.71
9001,885.68
9700,885.63
9428,884.82
2166,884.6
6210,884.46
9272,884.31
1249,884.15
6489,884.12
1639,884.0
4156,883.73
2417,883.3
6853,883.11
1305,883.11
6453,882.62
1260,882.19
7407,881.82
7995,881.79
9099,881.73
5811,881.4
5819,881.09
9737,880.2
1699,880.07
7807,879.71
7301,879.66
8154,879.22
9529,878.44
1310,877.85
8773,875.94
3115,875.71
5271,875.51
1369,875.44
5521,875.4
8668,875.37
1237,875.25
8809,875.18
5047,875.1
2723,874.62
2655,874.52
1591,874.49
6119,874.42
6442,874.37
3027,874.34
2596,874.2
2883,873.82
1886,873.67
1803,873.65
4631,873.37
5416,873.2
6150,873.06
9804,873.02
8857,872.99
7607,872.83
7437,872.64
8808,872.63
6885,872.44
1975,872.11
5310,871.96
2646,871.72
1953,871.34
8680,871.29
3839,871.06
4162,869.98
3032,869.55
1745,869.52
2524,869.46
2644,869.41
2914,869.4
5074,869.32
9490,869.15
6608,869.12
5400,868.8
7822,868.55
3255,868.29
6180,867.9
1746,867.63
7519,867.49
5194,867.49
8189,867.4
5675,867.3
8697,867.03
6070,866.96
8758,866.33
3673,866.3
6169,865.96
8793,865.22
7025,864.9
6861,864.89
7158,864.81
4845,864.62
4080,864.49
7201,864.22
7591,864.1
3954,863.85
2817,863.83
8381,863.68
7411,863.66
4750,863.42
8430,863.22
2424,862.77
3202,862.58
4024,862.32
3317,861.94
4409,861.61
5986,861.56
9324,861.55
1916,860.97
7548,860.95
2623,860.92
9682,860.77
8342,860.7
7334,860.7
6975,860.6
5224,859.67
8710,859.25
7918,859.08
7136,859.08
8695,859.07
8847,858.85
9941,858.44
1555,858.09
1712,857.83
4439,857.08
7415,856.49
8163,856.06
5421,855.71
1396,855.67
9452,855.64
8084,855.58
8488,855.53
5879,853.97
7808,853.81
8551,853.57
1119,853.4
9429,853.14
2267,852.9
4337,852.9
9206,852.62
6899,852.58
3254,851.98
5453,851.88
6521,851.5
5300,851.31
1244,851.11
7635,851.01
3318,850.94
8766,850.61
1343,850.18
8298,850.11
9376,849.61
3402,848.95
5724,848.74
8049,848.46
5726,847.98
2450,847.46
6582,847.27
2861,847.06
4065,847.04
3262,847.04
2116,846.91
9691,846.76
4275,846.57
2049,846.06
9740,846.02
6007,845.59
2818,845.55
1227,845.53
2680,845.45
1041,845.42
5992,845.32
3384,845.21
6152,845.05
7502,845.01
5806,844.59
5336,844.36
8035,844.16
1653,843.6
4385,843.44
1084,843.29
9903,842.89
5249,842.56
3825,841.84
4970,841.65
9970,841.61
4037,841.05
8362,841.02
3249,841.0
2496,840.72
7730,840.59
2173,840.52
3271,840.5
7031,840.32
1085,840.18
1891,839.78
8506,839.55
8469,839.07
1118,838.67
3173,838.52
1425,837.73
5795,837.7
5959,837.36
2637,836.67
1256,836.42
2127,836.32
1918,835.63
9583,835.53
8292,835.45
1351,834.88
8919,834.74
5278,834.45
7983,834.27
7159,833.62
1532,833.1
7365,833.06
3033,832.49
7492,832.12
3653,832.08
7742,831.87
6423,831.75
7496,831.65
8916,831.61
9871,831.49
6183,831.43
7395,831.03
3193,830.72
6398,830.69
4263,830.68
5622,830.65
7051,830.41
5244,830.26
4368,830.12
3007,830.12
4840,829.75
1136,829.66
3433,829.58
7298,829.33
1322,828.34
1255,828.09
6779,828.0
1295,827.97
7957,827.71
5162,827.7
7768,827.41
1562,827.34
5004,827.17
9226,826.94
6074,826.68
1186,826.47
9730,826.25
9283,826.01
8816,825.64
9768,825.36
7558,825.33
4643,825.2
9577,824.83
6551,824.83
3303,824.63
9656,824.24
3088,824.16
2511,824.16
1460,823.73
8305,823.7
8032,823.69
4423,823.19
2039,823.16
9767,823.02
5718,822.71
2301,822.59
6319,822.5
7521,822.31
6678,821.62
5140,821.17
2212,820.97
6533,820.62
4418,820.47
1462,820.17
5987,820.1
8054,819.84
2697,819.69
3996,819.55
8813,819.15
6370,819.13
4768,819.02
4976,818.82
7342,818.72
8253,818.59
4016,817.94
2995,817.8
8911,817.6
3821,817.56
3395,817.4
5182,817.33
6733,817.2
7894,817.1
7105,817.1
9899,816.69
4170,816.56
4187,816.22
1476,816.13
9786,816.04
5149,815.74
6063,815.12
7769,814.81
9938,814.64
9350,814.55
6047,814.34
2020,814.34
6656,814.16
7599,814.15
8121,813.81
4350,813.62
7954,813.11
5033,812.89
7161,812.89
8368,812.76
7078,812.68
1740,812.44
9594,812.17
9252,811.64
9163,811.59
6976,811.36
8950,811.09
5785,811.05
4109,810.95
5635,810.38
4295,810.37
1063,810.16
2048,810.08
6081,809.82
6789,809.65
3089,809.59
1869,809.25
3248,809.13
9981,808.96
3312,808.77
9563,808.57
5409,808.44
5342,808.06
9530,808.05
1439,807.8
9357,807.6
8246,807.45
7318,807.43
9013,807.2
1497,807.14
6793,806.95
5201,806.72
6531,806.64
5940,806.5
7248,806.38
4776,806.23
4641,806.04
5713,805.61
2155,805.19
3100,804.95
6583,804.88
9806,804.7
7144,804.46
7404,804.28
2964,804.27
7084,803.97
7200,803.85
3560,803.52
3632,803.25
1220,803.12
3893,803.08
1888,803.08
1164,802.91
7909,802.9
4001,802.68
8359,802.03
5572,801.68
6400,801.16
8021,800.87
1614,800.63
3780,800.53
2465,800.35
1686,800.26
4893,799.72
7348,799.57
7370,799.4
9228,799.3
9759,799.13
1176,798.93
6023,798.53
7667,798.11
4387,798.04
5792,797.75
5892,797.34
6261,797.1
6399,796.98
5261,796.92
9510,796.45
6855,796.11
5506,795.83
2153,795.4
5075,794.65
5831,794.64
4963,794.32
9238,794.02
6352,793.82
1003,793.47
7381,793.29
6426,793.17
4259,792.54
2310,792.33
1477,791.46
7251,790.99
3935,790.85
6954,790.29
7453,790.1
8244,790.04
8900,789.78
7567,789.11
7128,788.06
1379,788.05
8629,788.03
1152,787.97
8714,787.89
7864,787.89
3867,787.79
3735,787.73
2494,787.66
4027,787.63
9032,787.44
4974,787.33
9948,786.81
8780,786.5
7693,786.35
1112,786.22
8375,786.21
2251,785.63
3750,785.45
3286,785.41
7771,785.19
1366,785.09
3953,784.52
7468,784.46
5230,783.98
9877,783.93
6367,783.8
2090,783.75
2061,783.55
2622,783.42
3990,783.26
9264,782.94
5430,782.88
9873,782.73
2403,782.7
1732,782.62
2571,782.39
6638,782.38
2156,782.14
4965,782.13
7401,781.87
6681,781.74
3094,780.85
6916,780.82
1206,780.77
9724,780.71
6301,780.48
3783,780.19
5723,780.12
8089,780.04
8260,779.37
8155,779.14
8751,778.62
8538,778.25
6615,778.13
3703,778.1
4216,777.89
6873,777.86
5896,777.78
5025,777.68
9739,777.67
6512,777.67
8136,777.57
4349,777.48
3273,777.4
7891,776.88
8651,776.85
8106,776.57
7439,776.48
5615,775.66
7294,775.3
6484,775.18
2364,775.06
9977,775.02
7947,774.98
1757,774.82
3623,774.7
4609,774.19
8612,774.17
9436,773.66
2518,773.33
5837,772.83
1010,772.78
3787,772.72
8424,772.35
5914,772.35
6050,772.18
3944,771.73
8557,771.61
2639,771.37
4110,771.22
9830,771.07
4335,770.95
7174,770.84
8684,770.82
3832,770.59
2272,770.55
1486,770.54
8638,770.35
1875,770.22
9453,770.02
2250,770.01
8080,770.0
5801,769.78
5597,769.64
6307,769.54
9587,769.42
3044,769.35
4267,768.78
8145,768.61
7358,768.4
6569,768.35
6002,768.05
5081,767.67
1108,767.47
1610,767.45
3807,767.12
5403,766.51
4900,766.38
8083,766.04
9788,765.93
6747,765.82
5513,765.51
5964,764.46
8909,764.07
5422,764.04
5916,763.85
4836,763.84
8141,763.68
7660,763.56
8220,763.43
2232,763.41
1619,762.59
6429,762.53
8449,762.23
6554,762.21
4500,762.07
7824,761.83
6992,761.41
5044,761.09
7651,760.93
2899,760.79
4102,760.57
9071,760.1
8022,759.41
1105,758.3
7979,758.1
1484,757.7
8194,757.68
2381,757.14
8875,757.07
8738,756.95
6844,756.59
8248,756.32
9024,756.14
1983,756.1
5670,755.89
5382,755.84
7798,755.63
3928,755.56
7813,755.44
7901,755.32
1876,755.24
7375,755.03
5325,754.98
5328,754.96
5719,754.34
4766,753.97
5902,753.93
9866,753.75
2165,753.5
3676,753.25
8924,753.22
2287,753.16
1952,753.02
2463,753.01
7802,752.68
4820,752.61
7023,752.59
6475,752.25
1895,752.07
6293,752.0
9172,751.97
8385,751.65
7941,751.0
4716,750.97
2422,750.68
8792,750.3
9808,750.15
8989,749.59
2677,749.38
2961,749.16
4342,748.84
2493,748.31
6456,748.18
6402,748.1
1086,748.03
6280,747.93
1735,747.88
3933,747.68
6022,747.6
7750,747.5
5134,747.5
3884,747.25
1997,747.02
3743,746.77
4774,746.75
3409,746.62
4567,746.54
5018,746.31
3908,746.03
8153,746.01
9537,745.9
6683,745.78
6168,745.77
4153,745.75
9772,745.49
7360,745.49
1785,745.02
1616,745.02
9569,744.44
5915,744.32
7893,744.28
5264,743.76
4494,743.26
7187,743.24
4339,743.01
3725,743.0
7099,742.97
7283,742.63
6504,742.37
6699,741.9
4308,741.69
5835,741.54
9343,741.22
9711,741.15
9713,741.11
3476,741.07
9741,740.79
3978,740.38
3615,740.33
1418,739.71
6206,739.54
4149,739.49
4507,739.36
2905,739.12
1025,739.0
7444,738.99
5127,738.62
3907,738.46
2294,737.71
2600,737.6
4485,737.35
2318,737.07
4279,737.03
9876,736.69
1754,736.56
4444,736.56
4397,736.51
5355,735.96
1673,735.8
5483,735.15
6492,735.09
6924,734.82
4735,734.61
9188,734.59
2034,734.5
7241,734.09
4043,734.05
9408,733.9
8450,733.4
6190,732.69
3578,732.59
4272,732.29
9829,732.17
4812,731.99
9670,731.71
3404,731.6
6744,731.57
4546,731.55
4220,731.53
4012,731.46
9736,731.32
3289,731.01
8343,730.35
9033,730.21
6270,730.15
5960,729.4
7029,729.39
3827,729.27
2109,729.07
9329,728.74
1297,728.6
7094,728.14
1399,727.67
1889,727.44
3605,727.33
5965,727.3
2546,727.23
2807,726.95
4050,726.89
8753,726.52
8392,726.34
6019,726.17
9171,726.08
9284,725.77
9575,725.26
5146,725.07
4329,725.06
3147,725.06
9299,725.05
4690,725.04
8486,724.76
6719,724.34
4933,724.23
9991,723.11
3017,722.63
2932,721.65
8396,721.65
3078,721.63
4470,721.62
2300,721.6
3882,721.34
4358,721.25
5533,721.22
5561,720.77
3569,720.74
3306,720.44
8404,720.41
8099,720.41
5396,720.1
2062,720.06
1982,719.75
2478,719.45
5897,719.13
9695,718.85
7563,718.83
8765,718.59
9659,718.36
2320,718.19
2814,718.06
5559,717.87
3753,717.66
3742,717.32
3348,717.25
8807,717.16
6881,716.93
1197,716.85
2681,716.81
9994,716.69
1278,715.9
8552,715.87
2481,715.85
6948,715.63
7179,715.26
6987,714.65
8433,714.61
2711,714.6
4513,714.56
7668,714.3
8227,713.99
7925,713.88
1142,713.73
6833,713.64
5299,713.58
4547,713.47
5803,713.33
1033,713.27
9946,713.06
5136,713.01
9526,713.0
2840,712.91
7020,712.83
7653,712.81
4954,712.75
3674,712.74
8250,712.6
8622,712.6
8425,712.54
9722,712.47
9369,712.26
1718,712.23
5640,712.22
4221,712.09
9592,711.95
2573,711.86
8982,711.76
4995,711.73
4447,711.73
4264,711.67
5394,711.63
6834,711.27
4282,711.13
1159,711.07
5125,710.98
7690,710.63
1280,710.4
5799,710.24
3643,709.84
6343,709.83
6822,709.47
8644,708.92
7089,708.77
7562,708.61
5783,708.45
9694,708.22
3160,708.15
8406,707.84
3732,707.6
4340,707.57
5456,707.47
6454,707.23
6910,706.99
8972,706.89
6925,706.89
8191,706.38
7033,706.11
6239,706.04
4797,705.42
1910,705.27
1378,705.07
2365,705.05
4010,704.96
9135,704.25
5425,703.55
1887,703.48
3223,703.38
5973,703.31
2509,703.11
3165,702.9
4076,702.77
5397,702.62
4650,702.61
7352,702.48
5599,702.0
1323,701.98
9993,701.84
9147,701.78
4309,701.58
6141,701.42
8224,700.92
7910,700.84
9445,700.41
3016,700.27
2383,700.24
7784,700.17
2204,700.15
3389,700.05
3768,699.82
9625,699.75
7427,699.74
1838,699.71
5275,699.57
2058,699.24
3095,698.91
5815,698.53
3406,698.5
3385,698.48
8725,698.02
4227,697.89
7543,697.88
2162,697.78
9664,697.46
7221,696.6
5537,696.56
3894,696.37
3641,696.11
3157,696.06
8291,696.05
1436,695.73
2275,695.59
3622,695.0
5408,694.93
9234,694.85
6532,694.84
3606,694.37
1298,694.21
9668,694.16
3514,694.08
4094,694.07
8085,693.85
2461,693.69
2590,693.53
4193,693.21
8992,693.09
6016,693.04
6848,692.99
4539,692.85
3295,692.5
3161,692.47
6332,692.25
9379,692.14
9702,692.06
9396,692.03
6651,691.27
3447,690.78
2083,690.72
7303,690.69
1692,690.51
9139,690.33
3966,690.24
3719,690.18
3941,690.0
8779,689.76
4746,689.68
5212,689.64
9799,689.55
5769,689.31
5191,689.22
8276,688.98
2215,688.66
9995,688.41
8801,688.36
8304,688.15
9424,687.96
7800,687.86
3111,687.77
2336,687.65
6480,687.56
7920,687.24
1711,687.17
6371,687.1
2789,687.08
2562,687.03
1597,687.0
1700,686.59
9186,686.06
4054,685.06
4460,684.82
5617,684.28
7471,683.92
3355,683.45
7098,683.28
4427,683.0
7357,682.76
1405,682.63
9140,682.45
7267,682.34
9900,682.27
1301,682.18
5630,682.16
9611,682.08
9556,681.75
2792,681.43
9016,681.32
8796,681.21
5542,681.07
8865,680.78
1199,680.67
2526,680.43
9062,680.37
7643,680.29
5800,680.26
4116,679.94
4090,679.94
7611,679.44
5370,679.41
2002,678.93
7792,678.92
7172,678.9
2099,678.9
4657,678.53
8844,678.32
5221,677.47
7215,677.27
3662,677.22
1187,677.1
8077,677.03
2106,676.97
5745,676.77
9796,676.71
6940,676.42
8338,676.2
9291,676.17
3480,676.09
2529,676.09
9631,675.68
6415,675.65
6317,675.24
6416,675.16
7534,675.09
6419,674.75
5119,674.7
7445,674.69
1494,674.57
8500,674.35
2042,674.28
4302,674.27
2771,674.23
6195,674.14
3082,674.06
2983,674.01
2926,673.67
1957,673.6
5469,673.12
9684,673.09
2324,672.74
7715,672.52
2031,672.5
8784,672.18
1835,672.1
3699,672.09
7398,671.75
7139,671.07
3291,670.82
7130,670.81
2834,670.6
9020,670.22
5003,669.67
8627,669.59
2678,669.29
2535,669.14
5308,668.88
1359,668.64
4312,668.34
6966,668.23
2341,668.13
5933,668.04
8365,667.91
1898,667.72
3855,667.53
9014,667.5
1857,667.32
8437,667.3
1093,666.96
6670,666.88
7795,666.42
6566,666.35
4715,666.19
8137,665.96
5020,665.55
7460,665.5
3038,665.39
8423,665.24
9784,665.08
1499,664.88
4467,664.77
9073,664.68
8146,664.2
6224,664.15
1188,664.07
1287,663.83
4174,663.51
8555,662.98
3651,662.89
1879,662.89
1296,662.82
1096,662.7
6000,662.49
1030,662.25
7597,662.03
5873,661.78
1104,661.64
4154,661.37
2775,661.24
9945,661.13
1475,661.1
6020,661.02
3522,660.9
6193,660.74
3009,660.65
2636,660.6
2640,660.44
6446,660.28
9984,660.25
2022,659.79
8107,659.78
3797,659.63
6295,659.61
8014,659.41
6606,659.39
5263,658.84
8890,658.76
8660,658.69
4800,658.04
8403,657.84
9277,657.64
7672,657.61
4381,657.42
6347,657.32
8760,657.28
4033,657.06
5252,657.05
4747,657.01
1393,656.98
3749,656.84
2094,656.47
5690,656.39
3084,656.37
1687,656.26
1265,656.17
3754,656.09
9189,655.73
4373,655.69
5133,655.66
1603,655.57
9053,655.55
1235,655.28
3700,655.04
6097,654.85
9500,654.83
3034,654.03
3077,653.69
7506,653.68
3844,652.84
5065,652.82
4957,652.81
4013,652.77
9211,652.46
5765,652.41
1915,652.36
7467,651.79
6772,651.52
2168,651.4
3759,651.33
1263,651.13
7103,651.06
3063,650.83
5435,650.81
4394,650.64
6847,650.57
4909,650.45
5842,649.98
8785,649.86
7484,649.56
7541,649.54
5405,649.51
5095,649.49
5290,649.38
1151,649.37
8378,648.95
4684,648.79
8008,648.09
6646,648.06
9204,647.95
4181,647.48
9348,647.03
7877,646.75
3042,646.73
4133,646.53
4666,646.43
1882,646.39
1091,646.11
1253,645.49
2333,645.29
2416,645.17
4365,644.94
2352,644.8
7857,644.8
1013,644.18
7229,644.03
1116,643.88
9533,643.79
1669,643.35
1121,643.33
6722,643.28
4886,643.25
6641,643.24
3218,643.19
3238,643.11
1826,642.78
1682,642.41
4537,642.35
6693,642.27
8709,642.26
5143,642.06
9097,641.55
2588,641.25
2054,641.11
3123,640.54
7371,640.09
5296,639.97
4697,639.9
3253,639.64
2421,639.56
1510,639.56
6564,639.33
8281,639.29
5918,639.12
1596,638.94
6238,638.9
2291,638.9
6111,638.79
7466,638.77
5817,638.28
8606,638.25
5612,638.07
9148,638.06
9662,637.84
9458,637.83
5151,637.53
4545,637.46
7714,637.34
2411,637.3
9340,637.15
4232,636.67
2285,636.62
1965,636.34
2036,636.13
3150,635.99
7228,635.97
2976,635.81
3765,635.65
2826,635.38
6737,635.31
6403,635.23
3151,634.26
6096,633.95
8132,633.84
7461,633.63
9126,633.53
7628,633.52
4883,633.44
1141,633.32
9578,633.25
9623,633.2
4185,632.78
5139,632.56
2945,632.42
5490,632.22
1202,632.15
5636,631.83
9057,631.59
5163,631.54
7913,631.48
7552,631.13
8382,631.06
7684,631.06
5857,630.96
9766,630.86
7581,630.81
2804,630.72
3382,630.65
1221,630.35
3788,630.28
8998,630.18
6273,629.96
2738,629.72
1448,629.54
2253,629.51
5552,629.19
5209,628.84
1339,628.72
7698,628.56
4990,628.28
3239,628.19
6993,628.01
1691,627.93
8474,627.92
6889,627.46
2132,627.34
1493,627.19
6196,627.0
6625,626.96
7394,626.86
4135,626.82
8409,626.82
1110,626.76
6145,626.66
7770,626.25
9055,626.08
7124,625.85
3690,625.77
2522,625.59
1383,625.51
2482,625.32
8412,625.23
6125,625.2
5982,625.07
4163,624.76
2063,624.73
1661,624.67
2343,624.61
9484,624.23
9929,623.93
7872,623.82
5782,623.6
2264,623.6
5532,623.43
1480,623.08
8658,622.93
7779,622.49
7017,622.34
2270,622.29
4765,622.28
3587,622.22
4686,622.21
3939,621.92
3553,621.91
4795,621.9
6841,621.53
4056,621.52
8748,621.14
2158,620.8
5545,620.36
7662,620.33
1860,620.33
5055,620.22
2689,620.17
7785,620.16
3930,620.01
5494,619.9
8264,619.78
1072,619.69
9051,619.66
3086,619.56
7917,619.21
6435,618.55
2754,618.46
9297,618.18
9849,618.02
4406,617.88
6170,617.53
4411,617.44
1652,617.34
3269,617.15
8849,617.12
9932,616.8
7305,616.71
6172,616.45
9648,616.04
7344,616.04
2736,615.88
8258,615.87
3843,615.28
7861,615.21
8235,615.2
2074,615.2
1848,615.2
7039,615.09
9289,614.98
8149,614.74
9474,614.72
7973,614.57
3689,614.45
8208,614.2
7793,614.16
6867,613.3
8648,613.04
6359,612.87
2290,612.58
2843,612.54
3222,612.47
1356,612.3
3488,611.96
2702,611.79
9602,611.65
6998,611.23
4590,611.22
4744,611.17
7746,610.92
4998,610.91
5751,610.75
2766,610.31
7631,610.25
4888,610.08
2850,610.0
8455,609.98
7656,609.44
1504,609.14
7835,609.13
2367,608.51
1420,608.29
4378,608.21
9608,608.19
4268,608.17
9561,608.16
1168,607.94
8591,607.79
9309,607.43
2070,607.26
6614,607.21
8033,607.17
9336,606.23
7646,605.97
8279,605.9
6653,605.32
6305,605.3
3376,605.23
9447,605.16
5861,605.16
2444,604.59
9290,604.25
1651,604.13
9727,604.01
4688,603.83
4393,603.77
7443,603.71
2160,603.64
6776,603.57
7044,603.4
8910,603.38
3878,603.32
9046,603.21
5712,603.14
2663,603.08
1456,602.95
6902,602.93
1633,602.87
7523,602.81
5789,602.77
6386,602.26
8566,601.78
3229,601.2
1845,601.14
4779,601.12
7576,601.06
5441,601.05
2783,601.04
6527,600.92
8070,600.85
4300,600.83
5906,600.78
6906,600.45
1994,600.42
1501,600.36
2925,600.29
6546,600.23
8090,600.07
3697,599.95
7463,599.87
5550,599.37
5888,599.21
7234,599.06
4798,599.02
4081,598.98
7905,598.76
7867,598.59
8940,598.49
3197,598.36
4714,598.14
1431,598.05
3422,598.01
5322,597.7
1174,597.65
2724,597.64
7280,597.55
4737,597.51
2679,597.31
8124,597.25
5323,597.24
8979,597.12
2502,597.07
4128,596.67
6964,596.56
8742,596.54
5539,596.5
2104,596.44
4222,596.38
1004,596.25
4434,596.19
6109,595.73
1330,595.66
9618,595.64
8774,595.08
3067,595.04
8688,594.84
1076,594.65
7010,594.53
8004,594.44
2040,594.3
8104,594.17
7776,594.08
6915,594.0
5656,593.93
2222,593.93
2196,593.86
7450,593.55
7336,593.42
5398,593.38
4961,593.35
7449,592.77
2523,592.63
8438,592.29
1568,592.15
4749,592.08
5173,591.88
1380,591.85
7291,591.82
4987,591.53
3598,591.51
4278,591.48
2228,591.21
3325,591.19
8434,591.17
2213,590.88
9209,590.82
8393,590.54
5385,590.4
5364,590.17
3051,590.04
4811,590.01
5644,589.78
3345,589.73
2974,589.7
8541,589.64
4453,589.54
9686,589.44
6703,589.44
9597,589.37
4402,589.3
1015,588.95
6103,588.6
1839,588.57
2507,588.4
2097,587.97
5167,587.86
5923,587.56
2125,587.52
3064,587.34
5279,587.16
3842,587.12
5011,587.02
4343,586.88
2410,586.78
2194,586.64
3991,586.62
7885,586.6
2966,586.57
2419,586.53
6322,586.36
5155,586.25
1646,586.2
4173,585.16
8394,585.08
4421,585.03
9411,584.94
6251,584.86
8578,584.76
2169,584.63
3658,584.05
7937,583.76
6971,583.73
1612,582.95
6837,582.93
4114,582.68
4775,582.5
4920,582.44
3386,582.42
7577,582.3
9742,582.28
5301,581.72
6912,581.69
5749,581.61
2258,581.45
6752,581.4
2701,581.31
4675,581.05
5582,580.66
9159,580.52
7498,580.48
4809,580.3
3913,580.29
9761,580.0
2144,579.91
1276,579.72
5243,579.71
2405,579.63
6812,579.48
9785,579.12
4787,578.93
2605,578.87
6085,578.81
9240,578.66
6107,578.48
3706,578.46
3669,578.46
3858,578.45
5265,578.34
9886,577.79
5438,577.45
8913,577.36
4968,577.34
1546,577.27
8436,577.22
4189,577.01
4860,576.92
4583,576.84
5753,576.66
7655,576.63
5277,576.56
8723,576.39
9924,576.13
8853,575.94
8544,575.88
4120,575.8
4532,575.66
9049,575.64
4345,575.59
9388,575.4
4753,575.16
9868,575.11
1371,574.93
3536,574.65
7246,574.11
9202,574.1
1871,573.98
8949,573.97
8431,573.89
8015,573.85
6900,573.36
4257,573.07
2047,572.94
4384,572.91
6457,572.57
4223,572.07
5419,571.84
3663,571.81
6467,571.72
5475,571.7
3910,571.54
4377,571.42
8735,571.38
7831,571.38
1769,571.31
5632,571.29
3837,571.22
3483,571.16
7243,571.07
6571,571.05
6555,571.05
2799,570.59
2973,570.55
9864,570.5
7322,570.27
4614,570.21
6444,570.17
4732,569.62
5436,569.59
4764,569.11
2219,569.11
5736,568.68
5060,568.67
1183,567.63
9896,567.43
9117,567.35
3121,567.34
3567,567.27
5610,567.07
1129,567.02
7669,566.89
9898,566.8
3130,566.8
5566,566.65
9138,566.56
8805,566.47
3450,566.41
3644,566.14
2805,566.12
3828,566.1
8862,566.02
6711,565.89
2929,565.86
5040,565.61
9310,565.57
7191,565.54
4741,565.45
8927,565.25
4036,565.13
8584,564.88
5602,564.75
2707,564.71
3594,564.46
8055,564.28
6298,564.22
9647,563.92
8755,563.69
9274,563.41
9042,563.26
3574,562.34
2172,562.17
2480,562.02
9922,561.82
3159,561.74
3162,561.7
5858,561.57
7601,561.45
3446,561.09
2800,561.05
5909,560.82
7119,560.32
1570,560.22
3002,559.78
9401,559.75
8881,559.7
5979,559.68
4118,559.33
7385,559.1
8772,559.03
6838,558.91
5054,558.66
8941,558.22
3456,557.85
8088,557.75
2626,557.55
7425,557.39
6603,557.27
3370,557.27
9106,557.26
7145,557.04
7561,556.9
1209,556.7
7488,556.56
1115,556.51
8295,556.15
7704,556.13
2476,556.13
5781,556.07
6539,556.0
7978,555.98
1483,555.55
1761,555.34
4420,555.3
2001,555.3
7652,555.23
1643,554.83
5774,554.82
1103,554.76
4245,554.55
8574,554.47
1095,554.34
9949,554.24
1941,553.95
3534,553.77
2470,553.63
7116,553.56
3903,553.4
2375,553.29
4767,553.28
4095,553.23
6258,553.19
5910,553.06
4659,552.95
9534,552.89
3387,552.73
4379,552.56
1986,552.53
4469,552.25
4132,552.12
8601,552.09
5917,551.69
8621,551.57
8720,551.53
6136,551.47
8549,551.4
4637,550.48
6726,550.16
5085,550.03
5427,549.84
5485,549.83
4573,549.65
3681,549.63
6417,549.48
2544,549.47
3230,549.38
4075,549.21
7113,548.97
2897,548.76
2787,548.74
9757,548.66
4487,548.42
4130,548.31
1178,548.12
1422,548.11
4291,547.93
1189,547.62
4891,547.56
8451,547.29
6978,546.92
4028,546.9
1723,546.86
3020,546.39
1515,546.39
6799,546.38
3853,546.22
4229,546.11
9010,546.0
8268,545.77
3104,545.72
7405,545.37
8770,545.21
3049,544.74
3153,544.69
6505,544.61
8471,544.56
7279,544.49
6345,544.46
9798,544.25
3400,544.08
7111,543.9
7186,543.7
6499,543.67
3083,543.62
3800,542.85
5222,542.74
6177,542.73
5019,542.67
4376,542.64
2894,542.58
1637,541.97
2923,541.8
4986,541.7
9860,541.64
5375,541.45
6883,541.38
7295,540.78
4180,540.74
9882,540.72
5943,540.71
4554,540.68
3087,540.47
4209,540.46
2868,540.37
1217,540.29
8043,539.77
1231,539.51
2425,539.38
3984,539.27
2542,539.26
7619,539.25
8502,538.44
8778,538.15
3131,538.08
7532,537.55
6739,537.38
6357,537.11
4435,536.94
5477,536.87
7939,536.86
4461,536.34
1752,536.29
7337,536.27
8705,536.18
3627,535.91
8529,535.68
8314,535.53
9940,535.42
4672,535.41
5931,535.2
1127,535.2
2064,535.11
8556,534.83
6879,534.8
8516,534.64
3717,534.46
2361,534.33
6285,534.28
3549,534.17
9782,534.05
8533,534.02
9110,533.97
4489,533.94
3607,533.9
5470,533.87
1530,533.48
4866,533.35
1585,533.11
3849,532.99
7825,532.89
3976,532.1
1551,531.98
4482,531.73
1200,531.64
3418,531.63
7923,531.31
3357,531.02
9708,530.82
4228,530.65
2469,530.55
8317,530.47
3634,530.39
7929,530.23
3109,529.93
3967,529.89
9187,529.7
3166,529.63
8401,529.54
1042,529.39
9769,529.37
9637,529.37
4902,529.36
9029,529.11
9346,528.8
9267,528.69
4728,528.59
8075,528.5
5250,528.37
6581,528.29
2862,528.26
3813,528.23
3945,528.0
8536,527.92
8917,527.78
3461,527.78
1697,527.68
9107,527.04
6816,526.87
3543,526.73
1734,526.71
5596,526.7
8643,526.22
4514,526.18
6162,526.15
8458,526.02
8330,526.0
2694,525.88
5586,525.75
3515,525.75
8119,525.56
5913,525.39
7889,525.21
7938,525.04
8105,525.02
4801,524.71
2857,524.64
8761,524.59
9819,524.47
5778,524.42
6629,524.38
6406,524.22
7431,523.56
1815,523.48
2134,523.3
7509,523.0
3985,522.94
8489,522.48
9827,522.37
3756,522.23
9821,521.75
2345,521.59
4924,521.55
3970,521.5
1817,521.5
6021,521.44
6091,521.3
2137,521.09
9502,520.7
1097,520.68
2549,520.52
7517,520.51
9174,520.46
5489,520.17
8961,519.9
5236,519.69
7108,519.4
2674,519.38
2595,519.21
9770,519.14
3263,518.97
8587,518.84
7036,518.53
7985,518.51
4874,518.41
1797,518.4
9908,518.26
3272,518.24
9710,517.89
9988,517.84
8064,517.8
1185,517.73
8333,517.5
9925,517.02
9335,516.53
1328,516.03
9154,515.75
2182,515.61
7638,515.54
8062,515.53
7879,515.37
6623,515.2
9142,515.12
3438,515.12
7717,515.1
4131,515.0
5111,514.85
7465,514.46
8476,514.18
3666,514.12
9750,513.92
3240,513.89
3383,513.76
9920,513.75
5601,513.21
3852,513.08
1627,512.89
3511,512.75
1820,512.67
8947,512.51
3046,512.36
2584,512.04
9275,511.9
1972,511.79
7884,511.67
6773,511.67
1775,511.64
8101,511.63
7999,511.63
5828,511.53
1934,510.89
5377,510.88
9887,510.53
8570,510.13
8140,509.39
3533,509.29
1505,509.05
4677,508.15
3811,507.83
8387,507.3
9834,507.11
2326,506.87
9826,506.81
7765,506.74
5845,506.61
9144,506.44
7372,506.34
6118,506.15
8513,505.76
5936,505.75
5808,505.75
5557,505.55
2668,505.33
6139,505.24
5452,504.92
8242,504.73
1641,504.71
5731,504.58
8100,504.24
6609,504.16
7024,504.01
6774,503.97
1985,503.61
3698,503.52
2953,503.42
9746,503.24
6680,503.19
6568,503.1
5007,502.95
2670,502.77
9108,502.72
8335,502.63
9192,502.47
2356,502.44
9581,502.14
3559,502.11
7050,501.42
7888,500.66
8763,500.54
5709,500.24
8011,500.17
8722,500.05
9380,499.72
3874,499.67
9797,499.43
3739,499.19
8818,499.17
5001,499.06
1452,499.03
9249,498.93
5708,498.74
3685,498.58
1947,498.43
4918,498.41
4824,498.36
3554,498.24
8729,498.13
4722,498.13
3973,498.12
4958,498.1
5714,498.09
6069,498.04
4314,497.89
7240,497.81
6496,497.76
5428,497.66
4531,497.65
2531,497.6
3835,497.44
4262,497.43
8827,497.4
9092,497.15
3859,497.09
2038,496.97
6956,496.79
2815,496.75
5270,496.71
2551,496.65
1282,496.65
5285,496.48
6828,496.37
1733,496.36
3250,496.25
9620,496.1
4788,495.89
8736,495.65
3608,495.62
9210,495.44
2836,495.34
2528,495.34
4656,495.33
7474,495.31
3427,495.31
5825,495.28
1430,495.25
6640,495.24
1415,495.23
4984,495.21
9726,495.17
6515,495.12
4953,495.02
1019,495.0
2265,494.95
8499,494.92
9807,494.89
8718,494.87
3439,494.76
6476,494.73
9892,494.45
3772,494.44
4246,494.29
7972,494.2
3174,494.17
6661,493.95
3227,493.91
9918,493.85
3041,493.85
1999,493.85
5381,493.73
7926,493.61
4359,493.59
9037,493.54
3075,493.46
4570,493.44
2716,493.3
4703,493.1
7399,493.09
7080,493.01
5741,492.76
9642,492.68
3299,492.67
7670,492.61
7000,492.41
6909,492.22
6584,492.06
5522,491.95
5546,491.87
1285,491.82
9019,491.73
5116,491.71
1567,491.65
9638,491.63
2489,491.63
3806,491.5
9041,491.45
2727,491.38
4550,491.25
5863,491.23
2191,491.03
5876,490.66
6401,490.56
1441,490.54
3440,490.51
2879,490.5
8567,490.39
4838,490.26
3154,490.19
7479,490.1
5282,490.02
1594,489.79
1459,489.78
1016,489.72
8180,489.59
4405,489.55
1509,489.42
8459,489.35
8023,489.3
6459,489.3
6831,488.84
2987,488.76
6101,488.63
2451,488.59
6366,488.58
5188,488.56
8200,488.51
2080,488.47
8120,488.43
5086,488.3
4400,488.29
2368,488.25
4928,488.24
2249,488.12
6863,488.07
3474,488.06
1702,487.9
1912,487.87
2218,487.81
6878,487.66
7091,487.62
6450,487.55
6832,487.53
8511,487.53
8799,487.39
8867,487.38
5362,487.36
8395,487.28
4813,487.25
9218,487.18
3701,487.06
4517,486.7
8481,486.54
9789,486.51
5260,486.51
5343,486.5
8399,486.48
5448,486.06
9471,485.77
9292,485.71
4140,485.42
7148,485.41
8633,485.3
3234,485.2
4491,485.18
7115,485.17
1106,485.16
4399,485.13
8267,484.91
8984,484.86
7875,484.86
3379,484.85
1241,484.81
7499,484.77
1579,484.68
8334,484.55
3308,484.51
2812,484.3
2338,484.24
9044,484.2
8206,484.11
2733,484.1
5372,483.96
2210,483.96
2965,483.92
3964,483.87
2187,483.84
3519,483.83
3746,483.76
7797,483.75
6217,483.38
6289,483.23
9535,483.11
5126,483.09
2768,483.07
5866,482.32
3129,482.22
8671,482.13
7994,482.11
5109,482.11
7414,481.96
9665,481.78
8047,481.77
7037,481.73
6378,481.65
4734,481.49
5605,481.32
8889,481.25
1268,481.23
4480,481.15
8803,481.11
1218,481.09
6903,481.08
4241,481.02
7598,481.01
4914,480.9
1145,480.87
6511,480.84
5203,480.61
9413,480.57
8201,480.57
3062,480.54
5646,480.38
1384,480.37
7314,480.36
3958,480.35
6528,480.32
2100,480.3
8968,480.25
9150,480.24
5454,480.11
7112,480.06
6973,480.04
1801,479.94
4994,479.86
5626,479.78
6182,479.74
9464,479.54
5324,479.47
6294,479.33
7943,479.31
4889,479.24
3671,479.23
5716,479.12
7028,479.07
6709,478.99
8575,478.9
6957,478.82
9409,478.79
4049,478.78
6888,478.69
9992,478.49
1766,478.26
5717,478.18
4504,478.13
1907,478.13
6236,478.06
5492,477.98
3773,477.82
2071,477.82
1938,477.78
8391,477.76
5365,477.72
2146,477.29
6610,477.25
1524,477.25
8931,477.15
3507,477.02
7952,476.91
7556,476.82
5463,476.82
1737,476.76
5696,476.75
8272,476.66
8265,476.63
6160,476.58
7343,476.51
1657,476.49
6877,476.34
2231,476.23
7154,476.22
2297,476.1
7854,475.94
3760,475.86
4598,475.81
1620,475.78
1755,475.77
8731,475.75
4251,475.49
8491,475.48
2764,475.44
5746,475.31
1583,475.1
4506,475.08
6751,475.07
3118,475.06
2434,474.98
8371,474.92
1029,474.91
4450,474.85
9732,474.81
4940,474.81
9023,474.76
8883,474.76
5573,474.76
4260,474.7
6985,474.66
5073,474.53
9645,474.47
8111,474.33
3595,474.22
5128,474.2
3818,474.17
7006,474.15
2908,474.14
4139,474.13
9391,474.06
8560,474.06
1864,473.87
6201,473.85
8933,473.82
3050,473.72
5901,473.69
1381,473.67
4121,473.57
7616,473.45
9293,473.26
7836,473.18
6463,473.02
2778,473.01
5681,473.0
8003,472.92
4638,472.67
7261,472.64
3917,472.64
3496,472.59
4610,472.24
5014,472.17
3794,472.15
4383,472.11
6567,472.1
3305,471.96
1160,471.96
5082,471.94
4564,471.77
1102,471.62
4782,471.37
9122,471.26
1092,471.25
9094,471.1
6628,471.01
7055,470.91
5185,470.91
9082,470.87
7968,470.7
6541,470.64
3301,470.52
5147,470.47
3702,470.24
4338,470.22
7686,470.14
3875,470.02
6241,469.93
5462,469.93
4759,469.83
1549,469.81
4233,469.58
2752,469.41
5523,469.03
6076,468.79
1696,468.59
3814,468.58
5112,468.45
5338,468.42
3575,468.39
5061,468.38
9999,468.33
4273,468.32
9153,468.0
6691,467.85
8732,467.82
3830,467.75
4355,467.71
8069,467.64
9773,467.42
6712,467.38
4389,467.33
7977,467.19
9196,467.14
7930,467.06
3870,466.99
6185,466.84
5905,466.56
7790,466.51
5160,466.48
9459,466.38
7257,466.37
1980,466.21
6221,466.1
7687,466.08
2497,465.95
2065,465.94
6166,465.91
1618,465.74
8641,465.67
4921,465.48
6274,465.3
7525,465.15
6757,465.05
6164,465.05
6339,464.96
6630,464.91
6860,464.74
4254,464.61
3039,464.46
2457,464.33
4852,464.29
3901,464.28
1909,464.01
1144,464.01
5345,463.99
6574,463.98
3073,463.91
4508,463.84
8727,463.67
5727,463.43
2354,463.33
9239,463.25
7755,463.12
7682,463.04
7266,463.02
7134,462.91
1482,462.54
9729,462.52
4501,462.44
7916,462.39
9233,462.32
8122,462.29
9661,461.96
2295,461.89
1967,461.72
2916,461.69
8307,461.65
6556,461.65
8914,461.63
2587,461.59
2348,461.57
6062,461.55
3179,461.42
7593,461.41
6731,461.4
7837,461.36
6014,461.29
8498,461.19
2797,461.15
1478,461.1
3251,460.62
3747,460.43
2124,460.4
4026,460.37
7830,460.33
9551,460.27
4999,460.2
1866,460.04
5924,459.99
8152,459.85
4100,459.82
1800,459.78
1389,459.67
7860,459.6
5314,459.48
5211,459.24
4175,459.18
4242,459.14
5437,459.04
1829,458.9
8626,458.86
1455,458.77
8764,458.7
6348,458.6
5360,458.57
2620,458.5
6374,458.48
1120,458.45
7965,458.39
7220,458.39
4602,458.31
1943,458.27
6075,458.22
9951,458.13
7594,458.03
7584,457.97
3201,457.95
2731,457.92
2854,457.8
9855,457.71
2667,457.44
1059,457.44
1392,457.32
5227,457.3
4586,457.14
6604,457.12
6449,457.12
6330,456.86
7806,456.68
1756,456.58
6292,456.57
2138,456.56
3537,456.52
9973,456.17
4067,456.08
1074,455.81
1026,455.79
8674,455.73
4169,455.7
9582,455.69
9687,455.65
8196,455.54
8296,455.5
2776,455.43
7980,455.35
8980,455.14
1659,455.07
9301,454.82
9485,454.79
3723,454.69
9499,454.64
3937,454.63
3133,454.51
8190,454.42
4031,454.24
9610,454.05
5105,453.68
6664,453.47
1739,453.42
3926,453.38
6083,453.3
3940,453.26
4877,453.08
7604,453.04
5035,453.03
6716,452.95
7341,452.94
4720,452.8
9717,452.69
6836,452.68
6054,452.58
6639,452.32
3473,452.23
9721,452.13
2284,452.11
5585,452.1
9976,451.94
4184,451.91
7907,451.88
1868,451.75
2028,451.36
2041,451.28
3816,451.27
4375,451.16
8922,451.15
8411,451.14
6005,451.13
4459,451.11
6701,450.99
7566,450.92
6481,450.85
4937,450.85
9543,450.78
5593,450.66
9927,450.62
4952,450.4
3093,450.12
1198,450.11
6326,450.08
2192,449.89
6723,449.88
7971,449.71
6334,449.68
5874,449.64
5179,449.55
9514,449.43
7391,449.27
3391,449.16
1606,448.96
4022,448.95
1275,448.9
5729,448.59
1135,448.59
2406,448.58
3897,448.55
8204,448.37
5292,448.36
7970,448.33
3037,448.33
2685,448.19
4066,448.04
3911,447.98
1542,447.89
7953,447.49
1090,447.4
3300,447.39
6361,447.17
9225,447.12
8546,447.11
7007,447.02
8743,446.96
7213,446.9
5137,446.88
2314,446.88
3593,446.87
4616,446.64
3252,446.46
1655,446.43
8505,446.39
5859,446.22
7774,446.19
6132,446.14
7058,446.06
2687,446.06
5526,445.99
7014,445.92
2666,445.85
9508,445.75
5096,445.75
8093,445.7
7834,445.68
7617,445.51
3343,445.31
6801,445.27
1308,445.25
2227,445.17
5908,445.15
6963,445.11
3004,444.89
2895,444.89
6375,444.84
2429,444.72
4786,444.58
1147,444.52
6090,444.49
9215,444.47
5880,444.43
5922,444.34
3481,444.34
6407,444.33
3925,444.3
8562,444.21
2445,444.14
1049,444.13
4927,443.92
2567,443.9
3531,443.85
8263,443.73
9045,443.72
8588,443.52
4718,443.51
7738,443.49
7482,443.49
2719,443.47
2208,443.4
7210,442.84
5412,442.68
9219,442.55
9304,442.46
1586,442.41
4948,442.29
6800,442.28
4388,442.19
7557,441.73
9312,441.69
6267,441.64
2698,441.39
1605,441.38
7487,441.37
4589,441.33
3246,441.2
8617,441.19
9809,441.18
2540,441.0
2786,440.32
9762,440.28
7345,440.27
7666,440.22
3936,439.97
5684,439.96
2183,439.94
9118,439.93
6245,439.89
1874,439.79
2233,439.65
9197,439.63
8007,439.63
2252,439.55
6494,439.37
2185,439.32
9341,439.31
4543,439.08
6707,438.95
3216,438.77
4112,438.72
6941,438.71
5553,438.66
4548,438.55
1338,438.47
7737,438.46
8899,438.38
1470,438.32
1020,438.22
8289,438.2
9519,438.16
9802,438.01
3548,437.88
1517,437.79
5588,437.7
7783,437.49
8994,437.47
6114,437.36
7163,437.34
4441,437.28
7199,437.21
9588,437.19
1361,437.18
1536,437.13
5248,437.09
5862,436.88
2934,436.73
1885,436.72
8975,436.57
6365,436.57
4044,436.56
3128,436.52
1890,436.5
6368,436.43
3257,436.29
8903,436.26
6439,436.15
8348,436.11
9692,436.11
2574,436.03
3766,435.96
3398,435.72
3019,435.71
8547,435.36
6408,435.21
5797,435.2
4053,435.19
5510,435.15
3987,435.05
6775,435.03
7657,434.86
1357,434.71
6524,434.6
3879,434.57
1495,434.53
7878,434.42
8620,434.36
1690,434.29
7570,434.25
6197,434.23
3513,434.22
3695,434.01
8193,433.99
3803,433.97
3005,433.97
5504,433.6
9930,433.52
7287,433.52
2884,433.44
9584,433.39
3339,433.23
6315,433.22
1035,433.12
4670,432.73
8957,432.71
5650,432.66
4424,432.53
8326,432.48
9052,432.37
3217,432.37
1005,432.24
3764,432.21
6327,432.13
8041,431.96
3156,431.88
9975,431.75
3380,431.74
4186,431.58
6220,431.49
5826,431.49
4772,431.43
3819,431.35
6523,431.32
3237,431.3
1321,431.3
6353,431.26
9173,431.24
7013,431.22
6116,431.22
4692,431.13
7141,431.09
7987,430.9
5954,430.84
3677,430.83
3114,430.8
6461,430.65
6311,430.64
1675,430.37
5509,430.35
5927,430.2
3190,430.07
4617,430.04
9422,430.02
4844,429.87
5200,429.85
1320,429.8
3921,429.7
5238,429.59
5664,429.2
8737,429.19
2092,428.99
8445,428.98
5281,428.94
9374,428.92
1664,428.77
4015,428.73
8568,428.63
6542,428.61
9716,428.56
8274,428.56
7412,428.43
5295,428.41
5907,428.38
9805,428.37
2283,428.13
9609,428.08
7346,428.0
3058,427.89
7376,427.77
9552,427.74
3686,427.72
7629,427.58
8524,427.41
9756,427.32
9539,427.32
5206,427.21
9477,427.16
3785,427.01
1458,426.95
8522,426.94
5577,426.94
9463,426.91
8503,426.73
6173,426.71
8935,426.6
8063,426.57
7743,426.57
6869,426.55
5757,426.29
6381,426.24
7928,426.07
9707,426.01
7164,426.01
9812,425.69
7606,425.53
2618,425.41
6882,425.27
8065,425.16
1225,425.16
1981,425.13
2380,425.11
9258,425.02
8839,424.92
8787,424.72
4473,424.71
9627,424.65
5653,424.51
6717,424.44
3639,424.39
6257,424.37
6766,424.3
9130,424.28
6736,424.23
3146,424.1
4663,423.8
3860,423.8
7321,423.77
4983,423.68
9113,423.52
3479,423.46
3463,423.45
4088,423.28
2136,423.28
3261,423.24
2161,423.14
7422,423.09
4129,423.06
3022,422.99
8798,422.86
1802,422.85
8358,422.8
1799,422.71
1039,422.51
4849,422.44
4433,422.24
9321,422.22
5595,421.96
5942,421.86
8112,421.84
6194,421.62
3327,421.62
3798,421.53
4266,421.22
6595,421.14
3838,421.13
2984,421.11
8440,421.09
5219,420.83
5165,420.78
9635,420.71
1155,420.7
9338,420.62
9734,420.6
7530,420.56
8757,420.12
8777,420.1
6011,419.83
7773,419.8
5972,419.8
1286,419.63
2060,419.54
9220,419.11
1704,419.11
4648,419.06
3963,419.02
7780,419.01
7982,418.92
9221,418.87
3551,418.83
8234,418.77
4052,418.77
6389,418.64
7538,418.44
6579,418.27
2860,418.26
5938,418.1
7005,418.07
7494,418.01
6497,417.88
9606,417.82
7151,417.78
8962,417.55
5092,417.55
4622,417.47
7165,417.36
1061,417.36
3576,417.3
5818,417.08
9495,416.99
9077,416.92
6597,416.9
5856,416.84
8615,416.76
8595,416.65
2157,416.48
3274,416.32
3036,416.17
4791,415.91
2485,415.9
4310,415.7
3501,415.66
4106,415.6
1222,415.6
7555,415.26
3918,415.26
3026,415.22
9294,415.09
7633,415.04
2371,415.03
2802,415.02
5984,414.93
1950,414.92
9446,414.61
7092,414.58
3815,414.54
7065,414.51
9431,414.21
6044,414.17
8897,414.14
5390,413.98
7838,413.87
9305,413.8
9342,413.68
5925,413.63
5067,413.57
2669,413.57
6312,413.53
5549,413.52
8936,413.43
8156,413.36
2520,413.19
8151,413.17
9288,413.08
2869,412.84
4752,412.68
1443,412.64
8602,412.63
9867,412.38
6570,412.38
5170,412.16
1578,412.05
1279,411.89
1922,411.84
4755,411.76
1571,411.72
1747,411.41
7582,411.26
2785,411.13
1434,411.09
3712,411.07
3776,410.98
8802,410.91
8192,410.74
8060,410.7
5208,410.69
2176,410.45
1634,410.2
9371,410.17
8509,409.98
5232,409.87
6943,409.67
4214,409.53
6850,409.49
6920,409.39
5022,409.32
1748,409.23
1496,409.12
9262,408.45
8993,408.36
6227,408.27
5094,408.18
7723,408.13
5407,407.92
8530,407.73
6958,407.6
9706,407.55
9599,407.43
4649,407.33
6385,407.33
3316,406.96
5912,406.95
5887,406.85
5354,406.83
8852,406.76
8477,406.74
2956,406.65
9728,406.38
1948,406.33
7944,406.3
6336,406.18
8390,406.06
7640,405.98
6411,405.96
9971,405.91
9614,405.91
2820,405.88
9902,405.79
1281,405.79
8582,405.67
4533,405.66
9904,405.65
1935,405.62
7814,405.6
4705,405.54
8878,405.53
7117,405.49
7560,405.36
1523,405.34
5625,405.3
2603,405.12
2167,405.07
5017,405.06
2358,405.04
9426,404.93
1949,404.93
3600,404.8
3683,404.78
6937,404.72
2389,404.68
8068,404.58
3646,404.51
4555,404.3
4740,404.25
9104,404.18
6283,404.15
9268,404.02
4318,404.01
7224,404.0
6247,403.66
7009,403.54
8712,403.38
8005,403.23
8908,403.11
4152,403.09
7522,402.96
9250,402.8
8129,402.7
5369,402.56
8346,402.55
5528,402.5
9367,402.38
6559,402.29
3670,402.17
6121,402.08
4341,401.96
8225,401.92
7328,401.89
3371,401.77
6979,401.72
9813,401.51
5228,401.48
2572,401.46
3982,401.15
4621,401.14
1671,401.11
5839,401.05
6813,400.94
8625,400.91
3141,400.75
2525,400.75
5076,400.7
6277,400.43
2912,400.34
2846,400.34
4725,400.28
6786,400.28
1548,400.19
5335,400.0
6382,399.96
7815,399.79
7374,399.66
7590,399.45
3948,399.41
4603,399.34
1081,398.97
2907,398.89
9699,398.84
3207,398.68
1537,398.6
9677,398.54
3777,398.53
7722,398.39
2935,398.35
9621,398.34
7207,398.2
1613,398.13
1213,398.13
9004,398.06
9657,398.05
6038,398.01
9183,397.93
8823,397.91
2838,397.82
4165,397.73
9076,397.63
9893,397.54
3304,397.45
5651,397.39
3741,397.3
6358,397.17
8973,397.0
1325,396.93
3568,396.88
5411,396.87
3720,396.63
8746,396.56
2963,396.53
6412,396.5
3774,396.48
6893,396.47
3524,396.42
5386,396.34
3284,396.25
9359,396.16
1850,396.02
1648,395.99
5691,395.94
2713,395.77
3453,395.72
6826,395.69
8907,395.64
1954,395.58
5476,395.51
5084,395.51
2610,395.38
7490,395.08
9064,395.03
3011,395.0
9854,394.79
5560,394.63
3994,394.56
6894,394.25
1966,394.25
8676,394.21
9326,393.9
8745,393.55
5013,393.49
1223,393.4
5869,393.1
5594,393.01
8951,392.98
2395,392.98
8820,392.9
4640,392.87
2330,392.86
3779,392.83
1354,392.48
5823,392.46
1387,392.37
5711,392.04
1937,391.92
1780,391.91
7527,391.85
6897,391.82
5358,391.7
2718,391.54
9765,391.48
3396,391.35
4070,391.16
9351,391.07
1445,391.06
7162,391.05
2512,390.93
8252,390.92
9486,390.8
3360,390.76
9593,390.6
5939,390.56
2035,390.52
4218,390.31
5607,390.29
9501,390.2
4634,390.2
7195,390.13
9114,389.99
5291,389.96
2816,389.71
1906,389.64
8987,389.62
9101,389.34
9043,389.14
1368,389.14
3098,389.1
1833,389.09
7551,388.9
8991,388.77
7384,388.72
2651,388.52
5104,388.31
6296,388.18
2360,388.11
1805,387.87
8636,387.66
5618,387.59
4935,387.56
4658,387.36
5458,387.34
9385,387.31
9604,387.29
8923,387.28
7596,387.14
1544,387.02
8066,386.88
6068,386.76
2339,386.64
1814,386.64
5311,386.62
5877,386.61
7310,386.37
3163,386.27
4277,386.02
6802,385.86
3413,385.84
5852,385.75
9251,385.73
2440,385.54
8482,385.11
6839,385.1
4213,385.01
6962,384.92
2599,384.9
4002,384.7
6981,384.62
6596,384.62
3451,384.54
8184,384.41
2703,384.15
3244,384.08
2875,383.86
1768,383.82
7472,383.8
1897,383.65
6189,383.55
3136,383.4
8233,383.36
3175,383.36
5028,383.29
3344,383.21
8692,383.2
3372,383.11
7030,383.03
9617,382.98
2777,382.88
8843,382.81
4525,382.75
4825,382.58
8740,382.55
2982,382.55
3504,382.51
3499,382.48
2578,382.48
7720,382.46
9255,382.4
2363,381.84
5005,381.78
8983,381.65
3876,381.37
4323,381.31
5402,381.29
4636,381.23
1762,381.06
5853,380.82
9319,380.75
6578,380.75
9050,380.53
8527,380.48
6818,380.44
7349,380.42
7182,380.39
4522,380.33
2608,380.32
2516,380.28
8701,380.25
6904,380.23
6697,379.66
7772,379.59
6710,379.57
4372,379.44
2304,379.3
4032,379.3
9035,379.2
6540,379.11
8230,379.03
2709,378.94
9125,378.85
9811,378.83
4104,378.79
9580,378.78
5764,378.78
4571,378.67
3362,378.6
4127,378.43
8374,378.4
6999,378.34
8704,378.33
6815,378.25
9749,377.95
6262,377.86
1816,377.52
9754,377.34
6451,377.2
9660,377.07
1317,377.02
7664,376.79
1976,376.68
8958,376.6
4391,376.59
9412,376.46
4612,376.26
8478,376.19
7185,376.13
9149,376.04
5304,376.04
8650,376.03
5502,375.97
8554,375.8
6082,375.74
9327,375.68
7787,375.68
2924,375.58
1216,375.43
3212,375.34
8707,375.32
2865,375.29
3848,375.26
1688,375.13
5951,374.91
9562,374.89
4082,374.86
1933,374.66
7470,374.6
7377,374.57
5530,374.44
2366,374.38
8696,374.34
5576,374.31
4265,374.31
1346,374.2
2446,374.11
8278,374.08
2958,374.01
5359,373.84
9492,373.53
8161,373.3
5267,373.13
3096,373.05
8610,372.95
2188,372.91
3365,372.83
1259,372.78
7118,372.73
1512,372.73
2399,372.7
4199,372.62
9423,372.58
2607,372.55
1327,372.36
8270,372.24
8025,372.21
9214,372.17
6706,372.16
8811,372.15
9704,371.95
9671,371.87
4723,371.83
3761,371.54
5049,371.43
8118,371.23
9572,371.21
7620,370.76
3526,370.47
6648,370.37
9155,370.36
1867,370.36
9828,370.32
2645,369.8
9982,369.64
8837,369.6
2098,369.54
4113,369.34
6404,369.12
5735,368.94
4201,368.91
3636,368.67
5168,368.51
4472,368.24
9403,368.02
3302,367.74
4966,367.71
8322,367.66
4324,367.52
4950,367.48
6553,367.31
1464,367.24
9072,367.2
6946,367.18
7744,367.17
9607,367.13
6663,366.99
5682,366.92
9667,366.73
3180,366.7
6040,366.48
9622,366.35
8183,366.28
7528,366.28
4895,366.24
3247,366.08
8868,365.94
4197,365.74
2059,365.74
6790,365.73
9753,365.55
4084,365.53
6432,365.49
2321,365.48
1630,365.41
7583,365.36
2658,365.33
3288,365.29
7476,365.17
1385,364.85
8815,364.54
4717,364.43
6049,364.41
8199,364.14
2743,364.08
8944,364.06
1251,364.0
1931,363.97
3231,363.8
2831,363.78
1024,363.77
9455,363.57
4855,363.49
8318,363.46
6687,363.34
8893,363.32
2577,363.31
6410,362.93
8115,362.64
8165,362.55
8226,362.49
4077,362.49
6324,362.4
6672,362.37
8634,362.32
5613,362.25
1312,362.15
2761,362.14
8229,362.03
6529,362.01
3556,361.87
2484,361.83
7600,361.73
2769,361.56
2547,361.48
2553,361.46
2795,360.96
9914,360.93
6643,360.47
7090,360.41
1921,360.38
2077,360.31
4476,360.17
3293,360.03
1518,359.81
6156,359.68
9771,359.67
2000,359.53
9613,359.48
8266,359.44
2501,359.44
5616,359.18
6309,359.12
9890,358.9
9836,358.9
4196,358.85
4011,358.75
5937,358.67
6805,358.51
6953,358.47
8942,358.46
3170,358.42
6866,358.14
6281,358.07
8571,358.02
3337,357.35
7027,357.28
1008,357.18
5016,357.17
5855,357.04
3321,356.9
1668,356.83
7064,356.68
8532,356.58
1795,356.53
1556,356.45
9663,356.42
3066,356.42
5284,356.31
4708,356.24
9498,356.02
7329,355.91
3441,355.77
4988,355.44
1796,355.34
9780,355.25
3458,355.22
1988,355.11
8058,355.07
8607,354.91
3601,354.78
4211,354.76
8167,354.69
9714,354.64
6514,354.6
4593,354.52
1154,354.39
3880,354.28
3633,354.11
6724,353.89
7732,353.81
3468,353.73
9000,353.26
6264,353.2
4687,353.2
8693,352.93
8619,352.74
4868,352.73
9325,352.72
1438,352.46
7636,352.39
9641,352.3
1427,352.29
4642,352.22
7359,352.16
6495,352.14
5772,352.08
4975,352.01
7442,351.77
2240,351.71
3523,351.68
1299,351.63
5662,351.59
3452,351.59
8057,351.51
7486,351.37
3455,351.37
7485,351.27
7032,351.26
3771,351.22
2292,351.1
1334,351.02
2005,350.73
5666,350.62
3667,350.51
1036,350.4
4117,350.37
2686,350.27
7588,350.18
9080,350.11
4332,350.06
9636,350.02
5474,349.99
5773,349.86
8885,349.78
4654,349.68
5505,349.66
2890,349.61
1928,349.6
5254,349.55
4535,349.44
9822,349.31
7133,349.29
9145,349.15
1939,349.12
4168,349.11
1414,348.84
2483,348.82
4498,348.81
5144,348.74
7960,348.5
3059,348.33
5043,348.25
6095,348.24
1269,347.97
3014,347.94
9105,347.84
6086,347.73
1563,347.71
6266,347.61
6362,347.49
4255,347.47
1787,347.33
9027,347.05
9259,347.02
8828,346.85
7458,346.81
3489,346.64
1250,346.64
9774,346.61
2261,346.6
2492,346.56
8113,346.27
7674,346.25
1624,345.98
5536,345.97
4271,345.83
6308,345.68
9306,345.59
5217,345.56
9427,345.35
2585,345.26
6714,345.24
2279,345.2
3369,345.19
9869,345.18
8504,345.08
8380,345.0
5344,345.0
3822,344.84
5770,344.81
5117,344.76
3055,344.71
8728,344.65
8383,344.51
2362,344.47
1584,344.41
1196,344.38
5527,344.37
9048,344.26
7745,344.14
7074,344.11
1450,343.71
2322,343.66
8640,343.65
4224,343.65
6696,343.42
7927,343.39
4063,343.22
3189,343.22
9281,343.1
2848,342.97
3971,342.92
2779,342.89
8168,342.64
7026,342.37
4041,342.18
5106,342.1
4235,342.09
4208,342.06
3915,342.05
6483,341.8
9709,341.72
9921,341.51
9658,341.24
7535,341.23
6079,340.84
5286,340.74
7379,340.73
2178,340.39
7839,340.38
7060,340.21
4679,340.17
7536,340.11
2008,340.1
8247,340.02
1858,340.01
2839,339.88
6755,339.82
4370,339.71
2056,339.67
3045,339.65
7297,339.45
9089,339.34
3021,339.16
8520,339.14
8953,339.08
2271,338.98
1911,338.84
7866,338.81
2917,338.74
6337,338.37
4346,338.17
4119,338.14
8030,337.91
7429,337.85
6507,337.75
1233,337.68
2007,337.54
3834,337.24
1760,337.23
7816,337.22
2423,337.22
7378,337.21
3393,336.87
9227,336.81
7585,336.81
6149,336.73
5052,336.5
5220,336.31
9894,336.1
2803,335.9
8209,335.84
7969,335.77
6573,335.75
5302,335.75
4060,335.67
2730,335.47
1180,335.45
5860,335.4
8282,335.37
4371,335.35
1229,335.26
5445,334.86
5272,334.58
5053,334.58
8829,334.38
7820,334.14
7559,334.04
8830,334.02
2801,333.92
7876,333.82
2750,333.56
1344,333.44
6759,333.37
4422,333.36
4353,333.25
2467,333.16
4410,333.13
8901,333.1
8405,332.97
7408,332.71
3052,332.52
3547,332.21
9184,332.1
6727,332.1
1534,331.96
1832,331.75
1721,331.74
6335,331.63
6742,331.59
4352,331.57
4880,331.55
6104,331.52
6616,331.32
8744,331.25
5251,331.24
2238,330.99
2426,330.97
3412,330.81
9776,330.31
8762,330.21
1902,330.11
5658,329.92
8388,329.87
8876,329.71
1724,329.65
8788,329.58
5672,329.58
9522,329.46
2581,329.33
2256,329.25
5473,328.99
8925,328.85
3493,328.72
2959,328.5
8213,328.45
5327,328.42
1744,328.34
2110,328.07
1435,327.94
7452,327.91
8882,327.83
2408,327.77
2095,327.7
6988,327.68
8518,327.66
4664,327.53
3030,327.53
5298,327.48
6516,327.46
9475,326.94
4826,326.94
6982,326.8
3812,326.71
6738,326.65
8800,326.49
5763,326.47
4527,326.43
7694,326.41
9257,326.35
8228,326.32
8971,326.13
1140,326.07
9513,325.89
5832,325.46
8384,325.39
6782,325.35
9430,325.3
4178,324.98
8856,324.75
8416,324.64
3974,324.6
8218,324.58
7355,324.52
4204,324.52
1348,324.48
4719,324.42
1226,324.4
1307,323.95
4699,323.83
1663,323.23
4887,323.16
9989,323.12
4803,323.02
6669,322.96
5775,322.91
2149,322.85
7981,322.72
4565,322.72
1716,322.7
7569,322.67
8098,322.61
6073,322.6
5357,322.49
7900,322.48
6549,322.4
7491,322.38
5199,322.34
9872,322.33
1288,322.2
7564,322.16
6741,321.81
1713,321.48
1930,321.45
3833,321.3
7034,321.07
1623,321.03
1485,320.72
7676,320.44
6127,320.22
6692,320.01
9096,319.99
1904,319.81
8239,319.65
1173,319.55
5058,319.5
1122,319.45
9646,319.44
3426,319.28
8480,319.21
6921,319.17
7641,319.12
1449,319.1
8429,319.01
7350,319.01
1773,318.98
7549,318.74
5843,318.66
7008,318.55
4236,318.54
4429,318.32
9425,318.25
4521,318.02
3707,317.95
9676,317.74
4831,317.61
9626,317.5
2003,317.49
2939,317.13
8939,317.11
7147,316.99
2029,316.74
9969,316.71
9167,316.45
6469,316.22
3390,316.04
1763,315.39
1978,315.37
6222,315.23
1575,315.19
1204,315.12
7194,314.99
7681,314.89
6601,314.85
6338,314.8
4680,314.77
1261,314.71
3054,314.53
7156,314.38
5944,314.37
4908,314.23
9253,314.21
1936,314.16
5446,314.14
5784,314.01
5123,313.9
4466,313.9
3820,313.85
1306,313.67
8389,313.51
3808,313.51
1099,313.27
4696,313.14
8012,313.12
9182,313.05
5429,312.94
2859,312.91
6928,312.89
8537,312.86
4858,312.66
9353,312.63
5059,312.63
5373,312.1
6729,311.95
1234,311.93
8624,311.89
5555,311.88
6700,311.73
9280,311.65
8215,311.48
7683,311.48
7639,311.39
5213,311.39
7868,311.31
1989,311.11
9731,311.08
1946,311.03
7924,310.89
5401,310.72
5038,310.39
5312,310.34
9090,310.04
2822,309.97
8232,309.96
9190,309.9
6858,309.88
8028,309.7
1133,309.63
2044,309.58
6955,309.42
7114,309.42
4721,309.28
9801,309.18
4449,309.18
9005,309.17
4287,309.05
5331,308.94
7392,308.75
3469,308.29
5935,307.84
5977,307.66
4892,307.51
8347,307.49
7157,307.25
3340,306.93
4620,306.91
1958,306.89
7886,306.7
8637,306.68
9851,306.57
8932,306.56
1398,306.45
1896,306.44
8662,306.43
5883,306.35
7685,306.32
5975,306.26
7959,306.24
1000,306.22
7862,306.01
9232,306.0
9669,305.98
5313,305.98
1823,305.81
6472,305.79
2373,305.72
5844,305.49
7206,305.42
6443,305.31
3198,305.05
7402,304.89
6092,304.82
4863,304.8
9313,304.68
6666,304.63
5756,304.55
7964,304.34
3023,304.31
6061,304.1
2288,304.0
2202,303.9
3620,303.86
3350,303.8
3374,303.79
1535,303.75
8169,303.64
9473,303.56
1670,303.41
4530,303.36
3199,303.32
5911,303.16
2140,303.15
2317,303.04
6509,302.96
3010,302.85
7589,302.65
4226,302.64
7956,302.5
9595,302.43
6048,302.42
1962,302.27
7942,302.2
7881,301.87
1052,301.85
9404,301.78
6039,301.57
8128,301.28
3786,301.28
5039,301.17
3571,300.98
9025,300.77
7069,300.65
4709,300.27
8769,300.11
3762,299.99
5500,299.8
1315,299.6
4465,299.56
2793,299.44
2114,298.89
7673,298.77
3140,298.73
7688,298.71
4091,298.6
3478,298.58
2560,298.54
7855,298.24
5705,298.2
3528,298.11
1707,297.46
8814,297.32
6325,297.31
1481,297.18
7481,297.15
6171,297.1
1304,296.93
8222,296.31
7895,296.02
8484,295.7
3091,295.67
7045,295.67
2601,295.65
7056,295.62
8870,295.58
4808,295.56
4639,295.48
6817,295.32
4039,295.24
5193,295.16
9509,294.86
2927,294.7
7216,294.69
8790,294.68
4832,294.66
6192,294.57
6572,294.51
9795,294.47
4105,294.44
4581,294.41
5841,294.39
5790,294.33
5434,294.27
4939,294.17
7354,294.07
8526,294.04
3329,293.99
5417,293.97
6242,293.84
7016,293.62
8884,293.6
7958,293.5
4238,293.5
2150,293.41
2631,293.15
8850,292.88
5620,292.59
8016,292.54
5415,292.36
3950,291.81
6550,291.77
2154,291.73
5099,291.68
2225,291.23
2437,291.22
9947,290.98
5680,290.86
2536,290.84
3770,290.7
7368,290.57
1022,290.54
8956,290.4
1406,290.28
7571,290.15
4306,290.07
1521,289.8
1313,289.75
2021,289.43
6297,289.42
1507,289.41
3960,289.29
6965,289.26
5024,289.2
1058,289.14
8977,289.0
7654,288.92
2079,288.91
8052,288.71
2617,288.5
6580,288.49
4008,288.41
1391,288.3
6363,288.25
9928,288.14
2985,287.95
5320,287.84
5871,287.67
1533,287.64
9156,287.6
1107,287.36
5850,287.1
6827,287.04
3492,287.03
2692,286.87
5129,286.75
8841,286.66
6668,286.59
5316,286.51
2968,286.46
3220,286.4
3661,286.34
7088,286.27
6905,286.16
3195,285.94
5575,285.83
2977,285.37
9316,285.31
8747,285.13
9528,285.09
9352,285.07
4212,284.97
6060,284.91
3796,284.91
7373,284.77
4363,284.61
3057,284.55
6341,284.49
4944,284.47
3122,284.05
2217,283.98
9540,283.9
9434,283.84
1945,283.81
5276,283.76
2139,283.75
4430,283.65
1109,283.58
6110,283.44
2877,283.42
1951,283.33
9271,283.31
9039,283.29
8148,283.07
7122,283.03
8858,282.99
1587,282.99
4563,282.97
7518,282.93
7254,282.45
9863,282.34
1318,282.18
4369,282.01
3188,281.7
1859,281.68
7420,281.34
4727,281.26
6174,281.1
6972,281.01
8019,280.89
3388,280.86
1224,280.6
6089,280.46
9861,280.02
2308,279.96
9038,279.7
1410,279.7
8706,279.56
8422,279.56
8197,279.14
5431,279.02
5953,278.87
7212,278.61
7237,278.31
7430,278.3
7281,278.3
9688,278.01
1843,277.98
4894,277.95
9356,277.92
5097,277.8
2246,277.73
3241,277.54
4912,277.41
4101,277.2
4901,277.16
6470,276.83
7018,276.79
2662,276.79
5643,276.74
1698,276.74
6762,276.73
8219,276.51
3738,276.42
7853,276.39
9944,276.24
1236,276.09
7955,275.99
4509,275.93
7948,275.9
3557,275.83
2742,275.76
5623,275.64
2627,275.47
8323,275.41
2918,275.29
1547,275.27
5046,275.1
3491,275.0
2148,274.66
4835,274.57
1087,274.57
1631,274.48
2920,274.39
3642,274.23
3434,274.03
2462,273.88
5743,273.66
8683,273.61
8373,273.61
3214,273.5
5166,273.4
8521,273.33
3430,273.21
6767,273.05
5273,272.99
2433,272.87
8441,272.86
9885,272.67
3728,272.65
2052,272.62
2978,272.6
2514,272.46
3290,272.43
4856,272.34
6856,272.05
4833,271.67
3176,271.65
5688,271.52
8639,271.49
2767,271.45
1429,271.38
4404,271.35
6316,270.84
4761,270.73
3865,270.69
6420,270.46
2823,270.25
5158,270.22
6994,270.12
9639,269.9
7892,269.67
7253,269.62
9007,269.45
6740,269.4
2634,269.37
3113,269.19
2037,268.89
1662,268.63
8439,268.58
1502,268.34
6393,268.26
3929,268.26
6175,268.19
9026,267.65
8842,267.59
5983,267.54
9162,267.53
6207,267.44
7845,267.23
7062,267.22
9632,267.15
2018,267.09
8851,266.98
9901,266.92
8311,266.64
6760,266.64
9939,266.54
1615,266.26
2193,266.19
2189,266.16
8177,266.1
2616,266.09
3169,265.64
6115,265.45
9456,265.34
6950,265.27
7262,265.15
2921,265.1
5520,265.09
4107,265.06
8985,264.89
5391,264.88
6874,264.84
8216,264.81
8369,264.67
1284,264.65
7843,264.56
2427,264.54
2046,264.25
8332,264.19
9087,264.12
2316,264.08
4073,264.04
5807,264.04
2893,263.99
6485,263.94
1592,263.86
2464,263.8
9176,263.7
1267,263.63
4806,263.56
4850,263.39
3226,263.23
5631,263.02
3541,262.93
6244,262.9
4996,262.84
6447,262.56
5491,262.45
6784,262.27
8501,262.19
2119,262.12
6605,262.09
7382,262.04
9355,261.98
3769,261.8
7473,261.58
8826,261.56
4645,261.54
7709,261.51
4730,261.51
1878,261.47
8026,261.37
3233,261.2
5971,260.95
1335,260.89
4769,260.78
1738,260.64
6135,260.37
8623,260.28
4859,260.26
1424,260.16
6226,259.9
3364,259.72
9224,259.32
7464,258.76
4668,258.7
1836,258.67
5108,258.61
8988,258.45
5758,258.39
3597,257.49
8407,257.35
8496,257.16
1741,257.09
4403,256.97
3562,256.85
4810,256.7
7256,256.42
3680,256.23
7503,256.07
9712,255.99
7988,255.96
3795,255.84
5535,255.77
4452,255.52
6377,255.25
9208,255.23
5957,255.18
3570,255.05
1158,254.9
4115,254.51
8558,254.41
9548,254.13
5070,254.13
6253,254.12
2117,254.09
7192,253.93
8930,253.88
3186,253.72
2870,253.6
4951,253.55
3424,253.2
2200,253.2
9345,253.13
4846,253.1
1054,252.85
4946,252.36
4333,252.04
2089,251.75
6462,251.64
7799,251.61
4072,251.4
8915,251.39
4243,251.36
7277,251.19
7049,251.16
2441,251.12
5514,251.1
9968,250.93
4205,250.76
6310,250.59
4685,250.38
9063,250.29
8446,250.25
8863,250.17
2556,250.0
7434,249.83
4907,249.72
9752,249.7
3790,249.63
5755,249.54
4160,249.53
8174,249.51
1837,249.43
9954,249.27
7419,249.26
8306,249.24
6997,249.24
9953,249.12
3061,249.04
4078,248.95
8426,248.88
5798,248.75
5569,248.72
1665,248.68
6004,248.62
9850,248.61
1880,248.57
8300,248.53
8545,248.46
6558,248.4
6886,248.39
3758,248.31
4161,248.3
5846,248.14
2575,247.98
2782,247.84
9151,247.73
7903,247.68
2693,247.58
8833,247.53
3748,247.45
8166,247.43
2593,247.41
1599,247.19
3722,247.12
7986,247.11
5352,247.08
8926,246.99
8108,246.86
3539,246.76
9068,246.02
9034,245.94
5497,245.7
9266,245.62
1564,245.57
2015,245.38
3628,245.37
5976,245.28
2784,245.22
6575,245.05
3235,245.03
4584,245.02
8929,244.78
4290,244.71
2175,244.71
2579,244.12
7515,244.07
4192,243.53
7533,243.35
3341,242.65
6859,242.57
1242,242.54
9763,242.53
1172,242.53
9372,242.48
6254,242.47
3225,242.4
2447,242.18
4510,242.15
7858,242.09
2342,242.05
7011,241.77
1139,241.65
9842,241.33
1126,241.14
4931,241.05
7823,240.43
9905,240.34
6240,240.19
9370,240.01
4425,239.93
9505,239.85
3610,239.7
7137,239.51
5872,239.49
9261,239.33
4288,239.33
5496,239.24
4711,239.18
7129,239.12
5822,238.85
8599,238.64
3074,238.61
4960,238.57
1798,238.47
9844,238.28
6743,237.89
2303,237.76
3886,237.72
2548,237.68
1466,237.61
8819,237.49
2118,237.35
4823,237.19
3464,237.05
5293,236.98
4739,236.88
6233,236.63
7733,236.4
9889,236.37
5114,236.26
7323,236.04
9036,235.99
4804,235.96
3645,235.35
7121,235.22
2604,235.0
6713,234.91
4905,234.71
2026,234.38
5080,234.18
3863,234.03
8284,233.88
4993,233.83
4561,233.61
8470,233.53
8327,233.46
8686,233.38
4483,233.16
2439,232.99
1685,232.92
1333,232.88
9213,232.84
4549,232.71
8861,232.49
5150,232.35
3591,232.32
8531,232.23
5433,232.11
5180,232.02
7214,231.98
6263,231.91
6030,231.76
4025,231.7
3542,231.65
2774,231.61
8918,231.21
9897,231.06
7719,230.96
6299,230.93
2390,230.87
2950,230.65
7285,230.56
3411,230.47
9128,230.24
7846,230.23
7565,230.19
9723,229.94
8061,229.93
3043,229.88
1783,229.76
3968,229.74
1395,229.7
4145,229.25
1522,228.78
7618,228.63
7335,228.62
8195,228.61
5991,228.3
8585,228.21
9387,228.09
5486,227.97
6824,227.66
1519,227.64
7302,227.57
6880,227.3
5655,227.15
3209,226.75
8682,226.68
9942,226.58
3942,226.43
6188,226.4
8415,225.86
8303,225.75
6436,225.43
7057,225.2
5728,225.19
4307,225.16
8037,225.09
4915,225.08
4780,224.78
2856,224.69
7967,224.43
1175,224.39
7984,224.11
8379,224.1
2443,223.99
8510,223.96
4930,223.93
8653,223.85
2728,223.82
1693,223.75
3755,223.67
6033,223.56
8507,223.55
5988,223.33
3577,223.19
6250,222.93
1131,222.82
4536,222.75
3206,222.58
1628,222.36
7150,221.61
7223,221.53
6806,221.42
5259,221.4
8125,221.36
5318,221.34
2398,221.3
2660,221.09
2643,220.43
2266,220.38
1193,219.91
4853,219.9
2947,219.78
5198,219.7
8775,219.68
4328,219.61
5949,219.46
1124,219.32
6120,219.11
9270,219.1
3502,218.97
7580,218.87
1171,218.86
3900,218.81
2746,218.61
6632,218.5
5376,218.46
6248,218.44
6754,218.42
1660,218.4
9972,218.38
6303,218.32
6230,217.9
1970,217.71
5511,217.67
9615,217.57
4743,217.52
1855,217.22
9276,216.96
5592,216.84
7489,216.8
3031,216.79
6862,216.78
4971,216.75
2948,216.74
2943,216.41
7692,216.3
8287,216.14
9170,216.1
2396,216.05
6031,216.03
4074,215.89
7317,215.6
3580,215.43
2078,215.29
8887,214.8
3957,214.76
2867,214.5
7605,214.03
5648,213.95
9600,213.87
2699,213.85
4490,213.81
3611,213.81
9865,213.66
5451,213.56
1772,213.4
7648,213.38
3351,213.28
5685,213.23
2382,213.1
8461,213.08
8277,213.04
6186,212.92
6043,212.9
1569,212.85
8059,212.79
2632,212.51
8673,212.47
3619,212.31
3334,212.28
6947,212.2
9254,212.07
7403,212.03
7649,211.85
4096,211.81
5794,211.78
8703,211.65
2082,210.92
7196,210.83
1626,210.83
8027,210.74
8824,210.51
7747,210.5
7568,210.43
4569,210.22
7821,210.05
9395,209.94
6009,209.77
7272,209.65
7231,209.58
6725,209.49
5955,209.25
3724,209.14
5930,208.98
7271,208.96
5881,208.89
5487,208.48
5340,208.42
9585,208.35
3211,208.22
8182,208.14
7469,207.77
9303,207.66
5091,207.64
7203,207.61
4057,207.61
3315,207.57
1137,207.56
5229,207.45
6037,207.23
6344,207.18
1245,207.05
4758,206.93
6249,206.88
1376,206.74
9469,206.63
3733,206.54
7063,206.4
9308,206.35
5459,206.19
1632,206.16
2835,205.76
9454,205.72
7367,205.72
8185,205.6
8031,205.54
1037,205.43
5865,205.31
1538,205.26
3687,205.25
1781,205.22
3110,205.0
5591,204.96
1407,204.7
7247,204.57
3977,204.5
3652,204.41
9390,204.32
4202,204.23
3232,204.1
4665,203.74
9787,203.73
5235,203.64
7840,203.27
6015,203.21
1883,202.94
6519,202.69
8364,202.42
1045,202.39
5978,202.33
1924,201.74
4972,201.71
9320,201.61
5998,201.6
7865,201.59
4873,201.55
3564,201.49
6919,201.39
4194,201.38
5464,201.16
5882,201.07
3512,201.02
2624,200.65
2825,200.61
2126,200.61
5171,200.5
4356,200.45
3694,200.41
7226,200.31
3824,200.05
3358,199.93
1854,199.92
7711,199.75
2652,199.73
4042,199.58
8162,199.57
4231,199.56
3810,199.23
5814,199.19
4382,199.13
7409,199.05
3793,199.04
9158,198.94
2257,198.92
8986,198.88
9231,198.83
2438,198.82
5309,198.62
8767,198.58
8094,198.58
5078,198.55
3366,198.49
9307,198.4
5131,198.36
7048,197.91
3353,197.82
1573,197.61
6933,197.6
3934,197.49
9237,197.33
2656,197.14
5598,196.6
6591,196.48
3864,196.46
4417,196.4
7168,196.35
3498,196.33
3116,196.3
6624,196.26
1007,196.12
6320,196.05
8573,195.93
6146,195.93
7801,195.92
2673,195.6
7386,195.5
9207,195.47
2180,195.42
3872,195.41
6036,195.03
5156,194.92
4777,194.64
2269,194.09
5697,194.03
4969,193.96
8898,193.81
8750,193.74
2337,193.71
9451,193.68
3890,193.58
2675,193.55
7887,193.49
5176,193.41
4911,193.17
3437,193.16
6138,193.1
9392,193.0
7752,192.92
7061,192.86
8018,192.83
4738,192.78
7276,192.72
2863,192.63
2181,192.42
1638,192.42
6702,192.27
9488,192.25
6163,192.02
5205,191.78
7623,191.75
6080,191.59
9127,191.38
9191,191.36
8325,191.21
8006,191.12
9483,191.02
3181,190.74
4890,190.65
8109,190.63
8600,190.45
4446,190.45
2435,190.17
9398,190.14
7700,190.08
8872,190.03
8597,189.93
8462,189.75
3125,189.48
2030,189.33
6621,189.3
9410,189.09
4395,188.96
3975,188.88
7935,188.78
6665,188.77
9131,188.51
7731,188.51
9362,188.48
3309,188.46
4237,188.35
2164,188.06
2226,187.54
3656,187.49
1149,187.49
4448,187.43
3898,187.28
2209,187.11
3709,186.64
4673,186.51
5771,186.25
5051,186.23
8056,186.12
8198,186.08
5721,186.06
2243,185.96
9674,185.14
4785,185.13
3219,185.12
4046,184.96
5197,184.71
2759,184.56
8444,184.38
4177,184.36
9833,184.31
6765,184.14
7363,183.85
9416,183.11
3705,183.06
2813,182.65
4805,182.62
9086,182.51
2087,182.41
9859,182.31
8210,182.08
2994,182.08
7319,181.69
6770,181.61
4848,181.36
2282,180.95
4038,180.77
6478,180.49
1088,180.44
4916,180.4
6942,180.11
2174,179.96
3736,179.81
2353,179.68
2130,179.42
9116,179.39
7962,179.22
2864,179.13
1258,179.07
4784,179.05
4830,178.98
6355,178.69
6730,178.68
7478,178.62
3106,178.3
4111,178.15
1205,178.05
3192,177.94
4179,177.88
6424,177.67
1602,177.64
7902,177.54
4558,177.54
2120,177.36
4626,177.22
3408,176.91
6935,176.53
8654,176.37
1926,176.34
5297,176.09
8243,175.96
5351,175.87
2072,175.79
1545,175.36
5056,175.14
6445,175.11
5816,175.04
1048,174.97
7209,174.83
7998,174.67
4778,174.6
8896,174.22
4354,174.03
8212,174.02
8781,174.01
1453,173.82
3961,173.76
8685,173.67
3177,172.7
7035,172.31
3134,172.29
6041,172.2
2845,172.04
6387,172.03
6870,171.79
1195,171.55
5066,171.42
9449,171.4
6780,171.37
4396,171.34
3892,171.03
1589,170.89
2377,170.85
2347,170.78
9701,170.76
5740,170.76
1358,170.63
5671,170.6
5258,170.55
9532,170.37
3236,170.28
9673,170.22
1143,169.48
2629,169.36
5183,169.3
7856,169.21
1069,168.92
2307,168.74
3266,168.6
7193,168.58
9002,168.45
5135,168.4
9958,168.35
5903,168.18
5946,167.98
5361,167.98
1554,167.96
3185,167.86
4862,167.7
9121,167.48
7775,167.46
6520,167.27
2563,167.27
1254,167.23
1873,167.03
1401,167.03
2190,166.99
3401,166.93
8771,166.9
8519,166.84
6003,166.81
5195,166.68
2809,166.64
4633,166.57
8768,166.26
4182,166.16
9021,166.1
2093,166.1
7721,166.09
6977,165.98
9718,165.94
1715,165.91
9448,165.78
1162,165.72
3589,165.57
5900,165.39
1403,165.37
5834,165.05
3346,165.03
9565,165.02
6065,165.01
4167,164.99
5159,164.94
6205,164.74
7432,164.38
3565,164.28
6783,164.22
7762,163.91
7426,163.87
3573,163.77
7574,163.54
9846,163.54
8821,163.46
9817,163.45
7435,163.4
1667,162.83
2543,162.71
1011,162.6
7184,162.46
7079,162.39
8139,162.32
4034,162.11
2369,161.85
9745,161.73
2871,161.7
7333,161.64
1901,161.55
9242,161.31
9157,161.23
6130,161.21
5050,161.02
1413,160.87
5042,160.81
8492,160.43
4357,160.33
5207,160.13
1998,159.98
7573,159.9
1847,159.87
3432,159.8
3102,159.73
1303,159.32
1846,159.1
2335,159.09
9205,159.04
4415,158.86
7222,158.44
8974,158.37
6392,158.16
5565,158.09
8646,158.05
2967,158.0
1167,157.7
2806,157.57
5186,157.44
6042,157.14
5529,157.12
8131,156.84
1148,156.78
8158,156.74
7132,156.65
5752,156.6
5868,156.46
1215,156.42
9060,156.34
5063,156.28
3626,155.96
8569,155.96
9465,155.79
1778,155.69
6872,154.94
7242,154.91
2972,154.85
2449,154.8
8952,154.79
8880,154.75
5968,154.05
6911,153.85
1765,153.82
5341,153.58
7239,153.55
3604,153.44
1044,153.44
4879,152.92
2302,152.61
1474,152.38
9553,152.35
5321,152.3
6058,152.16
3112,151.93
6685,151.32
3505,151.18
8687,151.15
4191,150.91
8467,150.88
3751,150.84
1238,150.53
6634,150.51
6592,150.51
3097,150.43
1774,150.39
9489,150.14
2105,150.1
5966,149.82
2236,149.58
8427,149.53
1729,149.4
5541,149.25
1984,149.17
9792,149.14
3635,148.98
5102,148.86
7871,148.6
7595,148.5
4292,148.46
7325,148.41
1841,148.1
1920,147.83
9550,147.7
2006,147.64
1977,147.5
9764,147.36
7353,147.11
8966,147.09
6216,146.81
7540,146.49
4834,146.06
9438,145.89
1314,145.82
2143,145.36
5234,145.14
3324,144.98
6657,144.92
7260,144.86
5703,144.82
6029,144.66
2688,144.48
1650,144.36
5145,144.35
6098,144.14
5384,144.1
5737,144.06
9273,143.99
3823,143.93
6438,143.88
8417,143.78
4843,143.75
7897,143.63
3546,143.45
4207,143.42
4299,143.21
3775,143.2
4841,143.14
5932,143.01
5269,142.91
5676,142.82
8255,142.73
3614,142.65
3178,142.51
3194,142.47
7218,142.26
1813,142.14
6034,141.93
1844,141.55
3117,141.31
4123,141.25
7572,141.19
6302,140.81
4064,140.71
6252,140.61
7996,140.57
3781,140.48
2944,140.19
1419,140.17
4910,140.15
1409,139.92
4000,139.91
4457,139.68
1228,139.58
6017,139.46
7230,139.2
8631,139.11
2011,138.8
9482,138.56
8483,138.52
9136,138.45
4821,138.37
4611,138.3
2911,138.28
6053,138.17
3873,138.01
6346,138.0
2515,137.78
1111,137.78
3949,137.73
2996,137.47
5380,136.73
2519,136.58
4061,136.56
3696,136.54
9400,136.41
9040,136.24
6246,136.24
6622,136.05
4505,135.94
1553,135.9
5356,135.81
1927,135.55
2255,135.49
6373,135.4
1311,135.4
8355,134.89
3392,134.88
5223,134.74
5614,134.66
1925,134.6
1023,134.58
5568,134.51
4572,134.47
8564,134.24
8970,134.23
4947,134.12
6471,134.04
4926,133.96
1969,133.46
3809,133.45
8138,133.4
9260,132.75
9344,132.66
4408,132.6
5245,132.25
1944,132.25
6487,132.17
8754,131.97
3060,131.91
6778,131.68
5627,131.63
1656,131.51
5319,131.49
5041,131.44
2980,131.36
6842,131.28
7849,131.01
8739,130.96
5113,130.67
9589,130.66
7832,130.59
8677,130.39
3359,130.36
7075,130.26
3660,129.86
3847,129.85
4007,129.76
2691,129.41
1367,129.4
8657,128.87
2946,128.87
7898,128.82
3457,128.66
5443,128.6
5455,128.58
2913,127.94
8301,127.77
4293,127.43
7659,127.41
4492,127.12
8360,127.1
5838,126.92
1374,126.63
7912,126.61
9936,126.49
7992,126.42
8087,126.35
3275,126.0
9008,125.79
4348,125.79
3419,125.77
8245,125.7
8978,125.67
6046,125.48
5399,125.26
2592,125.05
2121,125.04
3152,124.94
7019,124.72
7679,124.56
6684,124.53
8029,124.42
1812,124.01
9354,123.82
7332,123.27
7963,123.24
9933,123.09
9703,122.84
1397,122.7
3436,122.4
5926,122.39
4047,122.25
9083,122.08
1566,122.08
8179,121.78
6561,121.71
9884,121.69
5460,121.64
9650,121.33
2013,121.26
8721,120.95
1680,120.92
6667,120.85
4729,120.64
2017,120.62
7870,120.01
6465,119.95
4068,119.86
1479,119.77
6814,119.73
9760,119.44
6846,119.39
5012,119.37
2428,119.03
6372,118.84
5239,118.78
6562,118.57
1622,118.26
2075,118.16
6659,118.1
8963,118.0
5766,117.96
4035,117.57
8465,117.55
3448,117.23
9633,116.98
7219,116.91
6391,116.83
7725,116.78
7516,116.74
8344,116.58
1840,116.34
6179,116.3
1955,116.19
5189,116.06
2323,115.91
7921,115.66
5750,115.63
7680,115.53
4630,115.28
6525,115.15
1252,115.02
8734,114.93
9779,114.9
7579,114.45
8123,114.41
5337,114.4
9178,114.35
7507,114.26
8848,114.22
6155,114.19
5447,114.13
9814,113.82
4989,113.71
5608,113.53
9931,113.5
3149,113.48
4304,113.42
3740,113.32
4099,113.3
3397,113.25
2714,113.23
2311,113.18
7945,113.16
3183,113.06
4818,113.01
4882,112.84
3053,112.82
6154,112.73
6255,112.33
6537,112.27
4313,112.22
1274,111.91
7663,111.88
1128,111.59
1056,111.59
4579,111.29
1831,111.06
3079,111.02
3487,110.86
9619,110.81
9506,110.5
2760,110.3
6586,110.21
7794,110.13
2788,110.05
6282,109.84
2053,109.84
2576,109.73
5177,109.63
7173,109.35
6142,109.24
9541,108.96
8133,108.94
4560,108.44
5274,108.25
6857,108.13
6548,108.13
5420,108.03
2810,107.65
7043,107.57
4799,107.5
1574,107.25
4523,107.18
8377,107.13
6380,107.09
7545,106.93
5499,106.77
7012,106.67
9124,106.26
2902,106.2
9061,106.16
7691,106.07
9549,105.99
5410,105.56
3265,105.54
8050,105.16
9419,104.97
3992,104.86
5958,104.82
8934,104.75
5813,104.48
4240,104.45
9672,104.39
6304,104.36
7364,104.31
2500,104.13
1080,104.11
3085,104.0
5867,103.72
1709,103.63
7284,103.4
3558,103.25
6123,103.02
6131,102.84
2050,102.78
9302,102.74
3500,102.54
4632,102.31
4576,102.29
3585,102.25
2241,102.22
6376,101.98
5589,101.98
2220,101.62
4374,101.54
7052,101.43
1362,101.11
8487,101.02
3335,100.96
4458,100.69
3403,100.4
2123,100.34
3137,100.25
8408,100.11
7167,100.1
4138,100.02
9996,99.71
5952,99.51
1146,99.49
5583,99.1
5996,99.0
8579,98.71
4518,98.62
8024,98.5
9081,98.29
7991,98.28
6688,98.19
2878,98.15
7675,98.1
1539,97.88
1190,97.73
8904,97.57
5029,97.49
6538,97.45
1726,97.28
6704,97.23
1991,96.96
6781,96.67
4829,96.42
5878,96.41
8294,96.33
3467,96.11
4713,95.77
7602,95.67
9415,95.31
5725,95.13
2503,95.1
9521,94.97
2664,94.96
4689,94.94
7990,94.68
3877,94.59
4093,94.49
8864,94.21
7270,94.05
4390,93.71
2081,93.65
6001,93.45
6600,93.35
4045,93.31
9960,92.84
3902,92.41
7647,92.32
4474,92.21
6650,92.19
5738,92.08
7175,91.96
9006,91.95
9295,91.83
6563,91.65
3485,91.55
7908,91.26
8207,91.15
3792,91.07
8593,90.94
4225,90.6
1467,90.37
6576,90.23
6218,89.63
3459,89.44
3281,89.41
2296,89.38
5294,89.3
5994,89.28
4585,89.17
1611,89.17
3584,88.37
8310,88.02
6506,88.0
5945,87.9
5172,87.8
7712,87.56
8840,87.47
9394,87.21
6585,87.13
8514,87.07
6228,87.03
2084,86.93
8363,86.91
9414,86.87
7387,86.77
3912,86.74
9286,86.36
9497,86.32
5256,86.3
1113,86.26
9629,86.24
8614,86.09
7914,86.09
4270,86.05
8749,85.95
1609,85.84
6151,85.82
6607,85.71
3516,85.33
1743,85.33
3279,85.31
6157,85.19
8315,85.18
2122,85.06
1821,84.97
4258,84.89
6356,84.84
8616,84.62
5021,84.29
2009,84.05
2690,83.96
2471,83.34
5262,83.13
4678,83.0
9791,82.99
6440,82.67
8592,82.6
4071,82.54
9287,82.46
8577,82.39
5791,82.34
1767,82.21
9175,82.17
2672,82.17
1347,82.1
5090,81.66
2487,81.32
6745,80.85
4667,80.76
3668,80.73
5231,80.65
1257,80.56
5515,80.52
3298,80.46
9857,80.38
5710,80.3
4322,80.19
5638,80.11
1402,79.92
9397,79.8
6331,79.8
4875,79.73
7190,79.46
9212,79.35
2073,79.34
9129,78.92
9067,78.82
5732,78.75
7587,78.53
7786,78.39
9180,78.2
6803,77.96
5660,77.92
6891,77.82
7922,77.44
9943,77.29
5450,77.26
2387,77.24
9952,76.3
8288,76.21
8249,76.2
2131,75.98
2824,75.94
8730,75.8
3056,75.8
9683,75.71
2613,75.65
9678,75.64
3124,75.63
5767,75.6
4137,75.45
1666,75.35
2276,75.02
4876,75.01
4289,74.76
8421,74.71
7609,74.42
8675,74.27
6682,74.13
8702,74.06
1514,74.02
2722,73.73
2152,73.65
2486,73.61
2207,73.38
8299,73.25
7421,73.19
6113,73.18
4763,73.13
3602,72.91
1489,72.61
2798,72.41
6503,72.33
2280,72.32
3475,72.19
4419,72.14
3006,71.9
7696,71.59
1892,71.16
8302,70.94
7729,70.68
3425,70.59
7001,70.52
7501,70.49
9906,70.31
1607,70.1
8447,70.08
2770,69.87
6655,69.84
2991,69.71
9462,69.63
2474,69.45
7160,69.42
8010,69.19
7703,68.94
7615,68.74
6137,68.52
9418,68.48
6165,68.38
3486,68.3
2488,67.83
7751,67.71
4512,67.59
1421,67.56
6918,67.29
7713,67.22
9758,66.93
2979,66.84
4597,66.44
4623,66.36
9085,65.98
8414,65.87
6980,65.81
9568,65.8
1851,65.73
2088,65.64
3932,65.55
7677,65.29
8110,65.19
4608,64.73
2647,64.72
1929,64.57
7416,64.47
9895,64.45
1163,64.19
8173,64.14
6588,64.07
5540,64.06
8535,64.01
3752,63.98
9443,63.88
6753,63.87
1621,63.56
2456,63.54
5699,63.34
8135,63.12
7086,63.09
7003,63.03
2819,62.86
4062,62.82
1065,62.35
3363,62.34
2732,62.09
7781,61.88
9031,61.71
9311,61.65
5057,61.56
4303,61.47
4428,61.29
7433,61.13
2755,60.99
2708,60.96
1454,60.79
4790,60.62
8689,60.54
9566,60.49
1291,60.3
8340,60.29
7077,60.24
9093,59.99
4978,59.93
1211,59.55
5886,59.45
3142,59.41
3650,59.14
9845,59.13
2538,59.0
6647,58.96
9852,58.91
4320,58.84
8048,58.6
4731,58.22
2558,58.2
6758,58.06
9217,57.88
5548,57.85
3613,57.64
2790,57.61
6212,57.6
8845,57.38
9435,57.1
9056,57.07
3998,56.97
6939,56.96
5093,56.42
2459,56.14
1488,55.91
9624,55.79
8142,55.77
6491,55.76
7286,55.7
7002,55.53
9879,55.39
5334,55.28
4276,54.78
3857,54.77
1038,54.62
8002,54.49
5406,54.47
5836,54.43
2554,54.29
9269,54.14
5524,54.01
1210,53.81
3675,53.64
5733,53.59
5346,53.42
1932,53.42
8539,53.33
9330,53.13
8341,53.13
2705,53.0
4048,52.99
8336,52.91
5481,52.72
5948,52.64
2745,52.6
3470,52.57
2534,52.55
4103,52.52
7227,51.99
5495,51.91
4247,51.78
1940,51.45
3506,51.22
3871,51.18
9596,51.15
1444,51.13
8172,50.93
5424,50.77
2717,50.67
8428,50.55
2910,50.49
2328,50.49
2872,50.48
5570,50.31
3107,49.95
1473,49.72
1810,49.29
9957,49.28
2430,49.28
6441,49.06
2598,48.94
4973,48.83
2665,48.51
4059,48.41
4253,48.13
5071,48.06
1014,47.95
3538,47.81
7171,47.7
7753,47.51
1784,47.31
4997,47.19
5704,47.11
9383,46.77
3529,46.67
4827,46.6
4980,46.46
4297,46.39
4615,46.03
2638,45.9
1437,45.87
3399,45.86
3268,45.75
6013,45.46
1649,45.46
3330,44.99
6413,44.72
2289,44.37
9591,44.29
8275,44.18
2248,43.78
4362,43.62
1071,43.25
7661,43.1
6673,43.05
4538,42.91
6526,42.88
4606,42.35
4515,41.99
1002,41.98
9576,41.5
8892,41.28
7400,41.22
3943,41.12
8859,41.01
3582,40.97
4796,40.8
8550,40.02
4009,39.9
3443,39.89
9883,39.87
5508,39.87
2612,39.7
1722,39.64
9103,39.53
7041,39.41
7109,39.34
2023,39.22
5442,39.18
7059,39.04
2517,38.9
1082,38.62
7817,38.6
3659,38.51
9012,38.32
7087,38.05
5347,37.74
6720,37.43
9375,37.42
1809,37.38
3119,37.25
3435,37.22
5088,36.71
3101,36.53
1034,36.51
1706,36.47
4210,36.42
9985,36.37
3287,36.22
3215,35.89
2900,35.74
6829,35.51
1208,35.4
3711,35.38
7630,35.13
7418,34.95
2955,34.84
1714,34.67
9417,34.6
9386,34.5
8468,34.09
4401,33.97
9160,33.82
8071,33.55
3013,33.33
3965,33.3
3931,33.01
9120,32.97
9169,32.93
2741,32.43
5609,32.29
2107,32.02
2811,31.62
3245,31.48
2055,31.4
8067,31.29
7936,31.02
3015,30.93
1727,30.78
4577,30.6
6051,30.59
5961,30.31
5759,30.12
5744,29.74
1353,29.62
1352,29.48
1742,29.07
7068,28.83
6434,28.56
6455,28.08
3465,27.47
2704,27.44
2671,27.32
1468,27.23
3904,26.46
3029,26.36
6749,26.08
9256,26.02
6804,25.93
6498,25.92
5999,25.34
1572,25.3
2199,25.02
7183,24.65
8254,24.57
1161,24.49
5216,24.46
9382,24.18
8561,24.17
6930,24.13
8419,24.1
6932,23.76
9744,23.7
3377,23.47
1973,23.47
3691,23.18
6418,23.14
1201,22.74
2858,22.7
2630,22.7
5715,22.66
5851,22.39
8724,22.26
5633,22.11
8238,21.78
1541,21.3
9603,21.2
2885,21.07
4456,20.9
5153,20.6
8652,20.51
3314,20.19
8044,20.06
7805,19.88
4898,19.74
7236,19.66
7340,19.57
8782,19.3
2273,19.22
4661,18.98
4122,18.78
5030,18.55
6823,18.39
7976,18.32
7142,18.22
6278,18.15
7828,18.01
5387,17.88
6288,17.8
2491,17.69
3817,17.44
6547,17.3
1169,17.22
7811,16.49
1068,16.29
6590,16.2
6148,16.06
7829,15.59
4478,15.54
6256,15.48
2555,15.04
5894,14.97
6944,14.85
1751,14.74
3003,14.72
1469,14.34
1309,14.18
6056,14.15
9911,13.7
9515,13.53
3024,13.25
5255,12.95
4828,12.89
4413,12.73
7778,12.26
1433,12.21
7369,12.2
4851,12.12
3988,11.72
1923,11.63
9848,11.62
7440,11.6
3071,11.41
6064,11.2
9959,10.6
3323,10.59
2559,10.53
1870,10.41
7529,10.12
customer_id,0.0
