customer_id,total_orders
1000,2
1001,4
1003,2
1004,2
1005,2
1008,3
1009,4
1010,4
1013,2
1015,3
1016,2
1019,2
1020,2
1024,2
1025,4
1030,2
1031,2
1033,3
1036,2
1041,3
1042,3
1043,3
1046,3
1050,4
1057,3
1059,2
1060,3
1063,3
1066,3
1070,5
1072,2
1076,2
1078,4
1079,4
1083,3
1084,3
1085,3
1086,2
1091,3
1092,2
1093,3
1095,2
1096,3
1097,2
1099,2
1100,5
1102,2
1103,3
1104,2
1105,3
1106,2
1107,2
1108,3
1110,2
1112,2
1114,4
1115,2
1116,3
1118,3
1119,3
1121,2
1124,2
1127,2
1129,2
1130,5
1132,6
1135,2
1136,3
1137,2
1138,4
1139,2
1141,3
1142,2
1144,3
1145,2
1147,2
1151,2
1152,3
1155,3
1157,4
1159,2
1164,2
1168,2
1170,3
1173,2
1174,3
1176,3
1178,2
1181,3
1182,3
1183,2
1185,2
1186,2
1187,4
1188,2
1189,2
1190,2
1193,2
1194,5
1196,3
1197,4
1199,3
1200,3
1202,4
1206,3
1209,3
1212,3
1213,2
1216,2
1217,3
1218,2
1220,2
1221,2
1225,2
1227,3
1231,2
1232,4
1234,2
1235,2
1237,3
1244,4
1249,2
1253,2
1255,3
1256,3
1260,4
1262,4
1263,3
1264,5
1265,2
1266,5
1268,3
1272,4
1273,5
1276,2
1277,3
1278,2
1280,2
1284,2
1285,2
1287,2
1294,3
1295,3
1296,3
1297,2
1298,2
1301,4
1305,2
1310,3
1312,2
1315,2
1319,4
1322,3
1323,2
1324,4
1326,4
1328,2
1330,2
1333,2
1338,2
1339,2
1340,3
1341,4
1343,3
1346,3
1349,4
1351,4
1354,2
1355,4
1356,2
1357,3
1358,2
1359,2
1364,2
1366,3
1368,2
1369,2
1371,2
1372,5
1375,3
1377,3
1378,2
1379,4
1380,2
1381,2
1382,3
1383,2
1385,2
1387,2
1388,5
1391,2
1393,4
1394,4
1396,3
1399,2
1405,3
1408,3
1416,3
1418,3
1420,3
1422,2
1423,4
1425,3
1427,2
1428,3
1430,2
1431,2
1432,4
1436,3
1438,2
1439,4
1440,4
1445,2
1447,5
1448,2
1450,2
1451,5
1452,2
1453,2
1455,2
1456,3
1457,3
1459,2
1460,2
1462,2
1470,2
1471,3
1474,2
1475,2
1476,2
1477,3
1478,3
1480,2
1483,2
1484,4
1486,3
1491,5
1493,2
1494,4
1497,3
1498,5
1499,2
1500,4
1501,2
1502,2
1504,3
1505,2
1509,2
1510,5
1513,4
1515,3
1518,2
1519,2
1530,3
1531,4
1532,3
1535,2
1536,2
1540,3
1542,2
1543,6
1546,2
1547,2
1550,3
1551,2
1555,2
1558,3
1560,3
1562,3
1568,2
1570,2
1571,3
1575,2
1576,3
1577,3
1578,2
1579,3
1584,2
1585,2
1591,3
1595,3
1596,2
1597,2
1599,2
1600,4
1601,3
1602,2
1603,2
1605,2
1608,4
1610,3
1611,2
1612,3
1613,2
1614,2
1615,2
1616,2
1618,2
1619,2
1626,2
1627,3
1630,2
1631,2
1633,3
1637,2
1639,2
1640,4
1641,2
1642,2
1643,2
1644,4
1645,6
1646,3
1647,4
1648,2
1651,2
1652,2
1653,4
1657,2
1659,2
1660,2
1661,2
1662,3
1668,2
1669,3
1672,5
1673,2
1674,3
1675,2
1682,2
1684,3
1685,3
1686,2
1687,3
1691,2
1692,4
1696,2
1697,3
1699,3
1700,3
1703,3
1709,2
1710,4
1711,3
1712,2
1716,3
1717,4
1718,3
1719,3
1723,2
1724,2
1725,3
1732,3
1733,2
1734,3
1735,3
1739,2
1740,2
1741,2
1744,2
1745,4
1746,4
1747,2
1748,2
1749,3
1750,3
1752,2
1753,4
1754,3
1755,2
1756,4
1757,3
1759,3
1760,3
1761,2
1762,2
1764,3
1766,2
1769,2
1770,3
1772,2
1773,2
1775,3
1782,5
1785,2
1786,3
1787,2
1790,3
1794,4
1796,2
1797,2
1798,2
1799,2
1800,2
1803,4
1805,2
1807,7
1811,3
1813,2
1815,2
1816,2
1817,2
1818,2
1819,3
1820,2
1823,2
1824,3
1826,3
1828,7
1829,3
1831,2
1832,3
1834,3
1835,2
1836,2
1837,2
1838,2
1839,2
1841,2
1842,3
1843,2
1845,4
1848,3
1849,4
1852,4
1857,3
1858,2
1859,2
1860,4
1862,4
1864,2
1867,2
1869,3
1871,3
1872,2
1875,2
1876,3
1877,3
1878,3
1879,3
1881,4
1882,2
1886,4
1887,3
1888,2
1889,3
1890,2
1891,2
1892,2
1893,3
1894,6
1895,2
1896,2
1897,3
1898,3
1899,2
1903,3
1907,3
1908,5
1910,2
1914,4
1915,2
1916,4
1917,3
1918,3
1927,2
1928,2
1934,2
1936,3
1941,2
1942,4
1952,2
1953,4
1957,3
1958,2
1959,4
1960,2
1962,2
1963,4
1965,2
1966,2
1971,5
1972,2
1975,3
1978,2
1980,2
1981,4
1982,2
1983,3
1985,2
1986,2
1990,3
1993,3
1994,2
1996,3
1997,2
1999,2
2001,2
2002,4
2003,2
2007,4
2016,3
2020,4
2021,2
2022,2
2025,3
2028,2
2031,2
2034,3
2035,2
2036,3
2038,3
2039,3
2040,2
2042,2
2045,3
2047,3
2048,2
2049,3
2052,2
2054,3
2056,2
2058,2
2059,2
2061,3
2062,3
2063,3
2064,2
2065,2
2069,4
2070,2
2074,2
2075,2
2077,3
2080,2
2082,2
2083,3
2086,5
2089,2
2090,2
2094,4
2096,4
2097,2
2098,2
2099,2
2100,2
2102,5
2103,4
2104,3
2106,3
2108,3
2109,2
2110,2
2113,5
2116,5
2119,2
2125,2
2127,3
2132,2
2133,5
2134,2
2137,4
2139,2
2142,4
2144,2
2153,3
2155,2
2156,3
2157,2
2158,4
2160,2
2161,2
2162,2
2163,3
2165,2
2166,3
2167,2
2168,3
2169,2
2172,2
2173,2
2175,2
2176,2
2182,2
2183,2
2189,2
2194,3
2195,3
2196,3
2198,3
2204,3
2206,4
2208,2
2209,2
2210,2
2212,3
2213,2
2215,2
2219,2
2222,2
2226,2
2228,3
2229,5
2230,6
2231,2
2232,2
2233,2
2234,4
2237,3
2240,2
2244,3
2245,5
2249,3
2250,3
2251,3
2252,2
2253,2
2258,3
2262,4
2264,2
2267,4
2268,3
2270,3
2272,2
2274,3
2275,2
2284,2
2285,2
2287,3
2290,3
2291,3
2292,2
2294,4
2298,4
2300,4
2301,3
2303,2
2307,2
2309,4
2310,3
2312,3
2314,2
2315,3
2318,2
2320,3
2323,2
2324,2
2326,2
2329,6
2330,3
2333,2
2334,2
2336,3
2341,2
2343,2
2345,2
2346,4
2349,3
2350,3
2352,3
2354,3
2356,2
2359,7
2361,2
2364,3
2365,2
2367,3
2371,3
2375,2
2376,6
2380,2
2381,3
2383,4
2386,4
2388,4
2391,2
2392,5
2393,4
2395,2
2396,2
2402,3
2403,2
2405,3
2406,2
2407,3
2409,4
2410,3
2411,2
2412,3
2414,3
2415,4
2416,2
2417,3
2419,2
2421,2
2422,2
2424,3
2425,3
2426,2
2431,4
2435,2
2441,2
2444,3
2445,2
2446,3
2448,5
2450,2
2453,3
2457,2
2458,3
2461,3
2462,3
2463,4
2465,3
2467,3
2468,4
2469,2
2470,2
2476,2
2477,4
2478,2
2479,4
2480,3
2481,2
2482,2
2484,2
2485,2
2486,2
2489,2
2493,2
2494,3
2496,3
2500,3
2501,2
2502,2
2505,4
2506,4
2507,2
2509,2
2511,4
2512,2
2518,3
2520,2
2521,4
2522,3
2523,2
2524,3
2525,2
2526,2
2527,4
2528,2
2529,2
2531,2
2533,4
2535,2
2536,2
2540,2
2542,2
2544,3
2546,2
2547,2
2549,2
2552,4
2560,2
2562,3
2564,3
2565,4
2567,2
2570,4
2571,3
2572,2
2573,3
2574,2
2577,2
2582,2
2584,2
2587,2
2588,2
2590,2
2595,3
2596,4
2600,3
2604,2
2605,2
2608,2
2609,4
2610,2
2614,4
2615,3
2616,2
2620,2
2622,2
2623,2
2625,2
2626,2
2631,2
2633,8
2634,2
2635,3
2636,2
2637,2
2639,4
2640,3
2641,3
2644,3
2646,4
2651,2
2654,3
2655,3
2659,6
2661,4
2663,3
2668,2
2670,2
2674,5
2677,2
2678,4
2679,2
2680,3
2681,2
2682,3
2684,4
2686,2
2687,3
2689,3
2693,2
2694,3
2696,6
2697,3
2698,2
2701,2
2702,2
2707,2
2709,2
2710,4
2711,4
2716,3
2718,2
2723,3
2724,2
2733,2
2734,5
2735,2
2736,2
2737,4
2738,2
2740,3
2744,4
2748,4
2749,3
2750,2
2752,3
2753,4
2754,2
2755,3
2756,4
2760,2
2761,2
2763,4
2764,2
2765,4
2766,3
2769,2
2771,4
2775,2
2776,2
2778,2
2780,3
2781,3
2783,2
2785,2
2787,3
2789,2
2791,4
2792,3
2796,4
2799,3
2800,2
2804,3
2805,3
2807,3
2812,2
2814,2
2815,4
2817,3
2818,2
2820,2
2823,2
2824,2
2825,2
2826,2
2827,3
2829,4
2833,6
2834,2
2835,2
2838,3
2840,2
2841,4
2843,3
2848,2
2850,2
2857,2
2860,2
2861,3
2862,2
2865,2
2866,4
2868,2
2871,2
2874,3
2875,2
2876,4
2877,3
2880,3
2882,4
2883,3
2886,3
2889,4
2891,2
2894,2
2897,3
2899,4
2902,2
2905,2
2908,2
2909,3
2914,4
2917,2
2922,4
2923,2
2924,2
2925,2
2926,2
2927,2
2928,4
2929,3
2930,3
2931,3
2932,2
2937,3
2938,3
2939,2
2940,4
2941,7
2943,2
2945,3
2946,2
2951,4
2953,3
2960,4
2961,3
2964,4
2966,2
2970,6
2971,4
2973,3
2974,2
2976,2
2982,2
2983,3
2986,4
2987,2
2995,2
2998,3
2999,5
3002,2
3004,2
3007,3
3009,4
3010,2
3011,2
3014,2
3016,3
3017,2
3018,4
3020,3
3022,2
3023,2
3025,3
3027,3
3030,2
3032,3
3033,3
3034,2
3036,2
3038,2
3039,2
3041,2
3042,4
3044,2
3045,2
3046,2
3048,4
3049,3
3051,2
3054,2
3057,2
3060,2
3063,2
3064,2
3065,4
3066,3
3067,2
3068,5
3069,5
3072,5
3073,2
3075,2
3077,2
3078,2
3082,2
3083,2
3084,2
3086,2
3087,3
3088,4
3089,3
3093,2
3094,2
3095,3
3097,2
3100,3
3104,2
3105,5
3106,2
3109,2
3110,3
3111,3
3113,2
3115,3
3118,3
3120,4
3121,2
3122,2
3123,2
3126,4
3129,3
3130,3
3131,3
3133,2
3138,6
3139,3
3140,2
3141,2
3143,4
3147,2
3148,3
3150,3
3151,3
3153,2
3154,2
3156,2
3157,4
3158,4
3159,5
3160,2
3161,2
3162,2
3165,4
3166,2
3169,3
3171,3
3173,2
3174,3
3180,2
3182,2
3186,2
3187,5
3190,2
3193,2
3197,2
3199,2
3200,4
3201,2
3202,3
3205,4
3208,3
3212,2
3216,2
3217,2
3218,2
3220,2
3222,3
3223,3
3224,5
3225,2
3226,2
3227,2
3229,4
3230,2
3234,3
3237,2
3238,3
3239,3
3240,2
3243,5
3244,2
3246,2
3247,2
3248,3
3249,3
3252,2
3253,3
3254,2
3255,4
3257,3
3258,3
3262,4
3263,2
3267,4
3269,3
3271,2
3272,2
3273,3
3282,5
3285,5
3286,5
3289,4
3290,3
3291,2
3292,6
3295,2
3302,2
3303,3
3304,2
3305,2
3306,2
3307,3
3312,3
3316,3
3317,2
3318,4
3319,3
3320,4
3321,3
3322,3
3325,3
3326,3
3327,2
3328,3
3332,4
3336,5
3337,2
3338,4
3340,3
3344,2
3345,2
3348,3
3352,3
3353,2
3354,4
3355,2
3357,2
3359,2
3360,3
3364,2
3366,2
3369,3
3370,2
3371,3
3372,2
3374,2
3376,2
3378,4
3379,2
3381,5
3382,2
3383,2
3384,3
3385,4
3386,2
3387,2
3388,2
3389,3
3390,4
3391,2
3395,4
3400,3
3402,2
3403,2
3404,2
3406,2
3409,2
3412,2
3413,2
3414,7
3415,4
3416,5
3418,2
3422,3
3423,4
3426,2
3427,2
3430,3
3431,3
3432,2
3433,2
3434,2
3435,2
3437,2
3438,2
3439,2
3440,2
3442,3
3444,4
3445,3
3446,3
3447,2
3450,3
3455,2
3456,3
3461,4
3463,2
3466,2
3469,3
3472,3
3476,2
3478,2
3479,2
3480,2
3483,2
3488,2
3492,2
3494,4
3496,3
3499,2
3507,3
3509,6
3511,2
3514,4
3515,2
3516,3
3518,2
3519,2
3521,3
3522,2
3523,2
3525,4
3526,3
3527,5
3532,3
3533,2
3534,3
3535,4
3536,3
3539,2
3540,3
3541,2
3543,2
3549,3
3553,2
3556,2
3557,2
3559,2
3560,3
3567,2
3569,2
3572,5
3573,2
3574,2
3576,2
3578,2
3579,3
3583,5
3587,4
3593,2
3594,2
3595,2
3598,2
3600,2
3601,2
3602,2
3603,5
3604,2
3605,2
3606,3
3607,2
3612,5
3615,3
3618,3
3619,2
3621,4
3622,2
3623,4
3627,4
3632,2
3633,2
3634,2
3639,2
3641,2
3643,4
3644,3
3647,3
3651,2
3653,4
3655,4
3658,2
3660,2
3662,3
3663,2
3664,3
3666,2
3669,2
3673,2
3674,2
3676,4
3681,2
3685,2
3686,2
3689,2
3690,3
3695,3
3697,3
3698,2
3699,3
3700,2
3702,2
3703,3
3704,3
3705,2
3706,2
3709,2
3712,2
3713,6
3717,2
3719,2
3721,3
3722,2
3723,2
3725,2
3726,3
3727,2
3730,3
3731,3
3732,4
3734,5
3735,2
3741,2
3742,2
3743,2
3745,4
3748,2
3749,2
3750,3
3753,2
3754,2
3755,3
3756,2
3757,3
3759,2
3764,2
3765,3
3768,3
3769,2
3772,2
3776,2
3779,3
3780,2
3783,3
3784,3
3787,2
3788,2
3791,3
3793,2
3795,2
3797,2
3800,4
3803,2
3806,2
3807,4
3810,2
3811,2
3813,2
3814,2
3815,2
3816,2
3818,2
3819,2
3821,2
3825,2
3826,4
3827,3
3828,3
3830,2
3832,2
3835,2
3837,3
3838,2
3839,4
3842,2
3843,3
3844,2
3845,4
3847,2
3849,2
3852,2
3853,2
3855,3
3856,3
3858,2
3859,2
3860,2
3862,5
3867,2
3868,3
3869,6
3870,2
3874,2
3875,3
3877,2
3878,2
3879,2
3882,3
3883,3
3884,2
3885,6
3893,3
3894,2
3897,2
3903,2
3905,3
3906,3
3907,2
3908,2
3910,3
3913,4
3914,3
3915,2
3916,4
3918,2
3921,3
3923,2
3926,2
3928,3
3930,2
3933,2
3935,3
3936,2
3937,2
3938,2
3939,2
3941,3
3944,2
3945,2
3947,5
3948,2
3950,2
3953,5
3954,2
3955,4
3956,4
3958,2
3960,2
3964,2
3966,3
3967,2
3970,2
3973,2
3976,2
3977,3
3978,2
3981,4
3984,3
3985,2
3986,3
3990,2
3991,3
3993,4
3994,3
3996,2
3999,4
4001,2
4004,5
4005,3
4008,2
4010,3
4012,2
4013,2
4014,4
4015,2
4016,5
4018,4
4020,4
4022,4
4024,2
4025,2
4027,2
4028,3
4029,3
4030,4
4031,2
4032,2
4033,3
4036,2
4037,4
4041,2
4042,2
4043,2
4044,2
4050,4
4051,2
4052,2
4053,2
4054,2
4055,5
4056,3
4058,3
4059,2
4063,2
4065,3
4066,3
4075,2
4076,2
4077,2
4079,4
4080,2
4081,2
4083,2
4084,2
4085,4
4087,3
4088,2
4089,4
4090,3
4094,3
4095,2
4098,3
4102,3
4106,2
4107,2
4109,3
4110,2
4114,2
4116,2
4117,2
4118,3
4120,2
4128,2
4129,3
4130,3
4131,2
4132,2
4133,2
4135,2
4139,2
4145,2
4148,3
4149,3
4152,2
4153,4
4154,3
4156,3
4157,3
4161,2
4162,2
4163,2
4168,2
4170,3
4172,3
4173,3
4174,3
4175,2
4176,3
4177,2
4180,2
4181,2
4183,3
4185,3
4186,2
4187,3
4189,4
4190,4
4192,2
4193,3
4194,2
4197,2
4204,2
4205,2
4209,2
4213,2
4214,3
4215,5
4216,2
4220,3
4221,3
4222,3
4223,2
4227,3
4228,4
4229,3
4232,2
4239,4
4240,2
4241,2
4242,2
4245,2
4248,4
4250,4
4251,3
4254,2
4257,2
4259,2
4262,3
4263,4
4264,3
4267,2
4268,3
4270,2
4272,3
4273,2
4275,2
4278,2
4279,3
4281,4
4282,2
4288,2
4291,2
4295,2
4296,3
4300,2
4302,2
4308,3
4309,4
4311,3
4312,2
4319,6
4327,5
4328,2
4329,3
4330,4
4335,4
4337,2
4339,2
4340,3
4342,2
4343,2
4345,3
4349,2
4350,4
4353,2
4355,2
4358,2
4359,2
4360,4
4363,2
4365,2
4366,3
4367,3
4368,2
4370,2
4371,2
4372,2
4373,3
4376,2
4377,2
4378,2
4379,3
4381,2
4384,2
4385,2
4387,3
4389,3
4393,3
4394,4
4395,2
4397,3
4400,2
4402,3
4403,2
4406,2
4407,5
4409,3
4411,3
4412,4
4414,4
4418,2
4420,3
4421,2
4422,2
4423,2
4424,2
4425,3
4426,3
4427,3
4432,5
4434,3
4435,3
4437,4
4438,4
4439,3
4442,4
4444,2
4445,3
4447,2
4449,2
4450,4
4451,3
4453,3
4459,2
4460,4
4461,2
4463,4
4467,2
4469,3
4470,2
4471,3
4472,2
4479,3
4482,2
4485,2
4487,3
4489,2
4493,3
4494,2
4495,3
4496,3
4497,3
4498,3
4500,2
4501,2
4502,4
4505,2
4506,2
4507,3
4509,2
4511,3
4513,2
4514,2
4515,2
4517,3
4519,3
4522,2
4524,4
4532,3
4537,2
4539,2
4541,4
4542,4
4544,3
4545,2
4546,2
4547,3
4551,4
4552,4
4554,2
4555,3
4559,5
4562,5
4566,2
4567,4
4568,5
4570,2
4572,3
4573,2
4578,5
4581,2
4583,2
4586,2
4587,3
4588,4
4589,3
4590,2
4598,2
4602,3
4609,3
4610,2
4612,2
4613,5
4614,2
4617,3
4619,3
4620,2
4621,4
4627,3
4631,3
4633,2
4636,3
4637,2
4638,2
4639,2
4640,2
4641,4
4643,3
4644,4
4646,4
4647,3
4649,2
4650,2
4651,4
4652,4
4657,2
4658,2
4659,2
4666,3
4669,5
4670,2
4672,3
4673,2
4675,4
4677,3
4678,2
4681,3
4683,4
4684,2
4686,2
4688,2
4690,2
4694,4
4695,4
4697,2
4700,7
4706,3
4707,4
4714,2
4715,2
4716,2
4721,2
4723,2
4725,2
4726,3
4728,2
4730,2
4732,2
4733,4
4734,2
4735,2
4737,2
4741,2
4744,2
4746,2
4747,2
4749,2
4750,3
4753,2
4757,4
4760,4
4762,4
4763,2
4764,2
4765,2
4766,3
4767,2
4768,2
4769,2
4770,5
4774,2
4775,2
4776,3
4777,2
4779,2
4781,3
4782,2
4783,3
4784,3
4786,2
4787,2
4788,2
4790,2
4791,3
4795,2
4797,3
4798,2
4800,2
4801,3
4802,4
4808,2
4809,2
4811,2
4812,3
4817,3
4820,2
4822,4
4824,2
4826,2
4830,2
4834,2
4836,3
4840,2
4845,4
4846,2
4847,4
4850,2
4854,2
4856,2
4859,2
4860,2
4865,4
4866,2
4868,2
4869,4
4871,3
4872,4
4874,3
4875,2
4876,2
4878,3
4883,2
4886,2
4888,2
4891,2
4892,2
4893,4
4900,2
4901,2
4902,2
4903,2
4906,3
4909,5
4912,2
4915,2
4916,2
4919,3
4920,3
4921,2
4922,4
4924,3
4932,6
4933,2
4938,4
4940,2
4941,4
4943,5
4946,2
4948,2
4953,2
4954,2
4955,7
4957,3
4961,2
4962,3
4963,2
4964,5
4965,3
4966,2
4968,3
4970,3
4974,2
4975,2
4976,3
4977,4
4981,3
4982,4
4985,3
4986,3
4987,2
4990,2
4995,2
4998,2
5000,4
5002,4
5003,2
5004,2
5006,6
5007,2
5008,3
5009,5
5011,4
5015,5
5016,2
5017,2
5018,4
5019,3
5020,2
5023,2
5025,3
5026,4
5027,3
5028,2
5033,3
5035,2
5036,3
5038,2
5040,2
5043,2
5044,2
5045,4
5047,4
5051,3
5054,2
5055,4
5056,2
5060,3
5065,3
5066,2
5067,3
5068,3
5072,6
5073,3
5074,2
5075,3
5076,2
5079,3
5080,2
5081,2
5082,2
5084,2
5085,2
5091,2
5095,3
5096,4
5097,2
5098,4
5104,2
5105,2
5107,2
5109,2
5111,2
5115,3
5118,3
5119,2
5122,3
5123,2
5125,3
5126,2
5127,2
5129,2
5133,2
5134,2
5136,2
5139,3
5140,4
5143,3
5146,3
5148,6
5149,2
5151,3
5155,2
5157,3
5162,3
5163,2
5167,3
5169,3
5170,2
5173,2
5174,3
5182,3
5188,3
5190,4
5191,2
5193,3
5194,3
5198,2
5201,3
5203,2
5208,2
5209,3
5212,2
5214,2
5221,2
5222,2
5224,3
5225,4
5230,4
5236,2
5237,4
5238,2
5243,5
5244,3
5247,3
5249,2
5250,2
5251,2
5252,3
5253,5
5254,2
5259,2
5260,2
5261,3
5263,2
5264,3
5265,2
5267,2
5270,2
5271,3
5273,2
5275,2
5277,2
5278,3
5279,2
5280,2
5287,4
5288,2
5290,2
5291,2
5295,3
5296,2
5299,3
5300,3
5301,2
5303,4
5308,3
5309,2
5310,3
5313,2
5314,2
5315,3
5320,2
5322,2
5323,2
5325,2
5327,2
5328,2
5330,3
5333,4
5335,2
5336,3
5342,3
5344,2
5354,3
5355,2
5356,2
5358,4
5361,2
5362,2
5364,2
5370,2
5372,2
5374,5
5375,2
5376,3
5377,2
5379,4
5381,2
5382,2
5385,3
5386,2
5390,2
5394,2
5395,3
5396,2
5397,3
5398,2
5400,3
5402,2
5403,2
5405,2
5408,3
5409,3
5413,7
5414,3
5416,3
5417,3
5418,4
5419,2
5420,3
5421,2
5422,2
5423,2
5425,2
5427,4
5428,2
5429,2
5430,2
5431,2
5434,2
5435,3
5436,2
5438,2
5439,3
5441,2
5444,4
5446,2
5451,2
5452,2
5453,2
5454,3
5456,2
5458,3
5459,2
5461,3
5466,7
5467,3
5469,2
5470,2
5472,4
5473,3
5475,2
5476,3
5477,2
5478,4
5480,5
5483,3
5485,3
5486,2
5489,2
5490,2
5492,2
5494,3
5496,3
5498,5
5501,5
5504,2
5506,3
5513,2
5515,2
5519,3
5521,4
5523,2
5526,2
5527,2
5529,2
5532,2
5533,3
5537,2
5539,2
5542,3
5543,3
5544,3
5545,2
5547,3
5548,2
5549,2
5550,2
5551,3
5552,3
5553,2
5554,5
5556,3
5557,2
5559,2
5561,2
5562,4
5563,4
5565,2
5566,2
5569,2
5571,3
5572,3
5573,3
5575,2
5577,2
5578,5
5581,4
5582,3
5586,2
5590,5
5596,3
5597,3
5599,2
5600,3
5601,2
5602,2
5610,3
5612,2
5615,4
5617,4
5618,2
5620,2
5621,3
5622,3
5623,2
5628,4
5630,3
5631,3
5632,3
5635,3
5636,2
5637,3
5640,2
5641,5
5644,2
5646,2
5647,3
5650,2
5651,2
5656,4
5658,2
5661,5
5668,5
5669,4
5670,5
5673,4
5675,3
5676,2
5677,4
5678,3
5680,2
5681,2
5690,3
5695,4
5702,3
5703,2
5705,2
5709,2
5712,2
5713,5
5714,2
5717,2
5718,3
5719,4
5723,2
5724,2
5726,2
5729,2
5731,2
5734,3
5735,2
5736,4
5739,4
5740,2
5742,4
5743,2
5745,4
5747,4
5748,5
5749,2
5751,2
5753,3
5758,3
5760,5
5761,3
5762,4
5763,2
5764,3
5765,2
5766,2
5769,2
5771,2
5774,2
5778,2
5780,4
5781,3
5782,3
5783,3
5784,2
5785,3
5789,3
5792,4
5794,2
5795,3
5797,3
5799,2
5800,2
5801,3
5803,2
5806,2
5807,2
5808,2
5811,5
5813,2
5815,2
5816,2
5817,2
5819,5
5820,4
5825,2
5828,2
5831,3
5832,3
5833,4
5835,2
5837,4
5842,3
5843,2
5844,3
5845,2
5846,2
5849,4
5857,4
5858,2
5861,2
5863,2
5865,2
5868,2
5872,2
5873,2
5874,3
5876,2
5879,2
5883,3
5885,3
5888,3
5889,5
5891,4
5892,2
5895,5
5896,4
5897,2
5902,3
5906,2
5907,2
5908,2
5909,3
5910,2
5911,2
5912,2
5913,2
5914,2
5915,3
5916,2
5917,2
5918,3
5919,3
5920,6
5921,3
5923,2
5924,2
5931,2
5933,3
5934,5
5935,2
5936,2
5937,2
5940,2
5942,2
5943,2
5944,2
5946,2
5947,4
5949,2
5951,2
5954,2
5956,3
5959,3
5960,4
5962,3
5963,5
5964,2
5965,2
5967,4
5971,2
5973,2
5975,2
5978,2
5979,2
5981,3
5982,2
5985,4
5986,2
5987,5
5989,3
5990,3
5991,2
5992,3
5995,4
6000,2
6002,2
6005,2
6006,7
6007,3
6009,2
6011,2
6014,2
6016,2
6019,3
6020,2
6021,3
6022,3
6023,3
6036,2
6038,3
6040,2
6043,2
6045,3
6047,3
6050,3
6052,2
6054,2
6058,2
6063,3
6067,6
6068,2
6070,2
6071,4
6072,4
6074,3
6076,2
6079,2
6081,3
6084,4
6085,3
6087,5
6091,2
6092,2
6094,4
6096,4
6097,2
6101,2
6103,2
6105,4
6107,2
6109,2
6111,2
6114,2
6116,2
6118,3
6119,4
6121,2
6122,4
6125,2
6127,2
6129,4
6134,4
6136,3
6139,2
6141,2
6143,3
6145,3
6149,2
6150,3
6152,3
6156,2
6160,2
6162,2
6164,2
6166,2
6167,3
6168,2
6169,3
6170,2
6171,2
6172,3
6177,3
6179,2
6180,3
6183,2
6185,2
6190,3
6193,2
6194,3
6195,2
6196,2
6198,3
6201,2
6206,3
6209,2
6210,3
6214,5
6215,5
6216,2
6217,2
6224,2
6225,4
6227,2
6230,2
6231,3
6234,4
6235,3
6236,2
6237,4
6238,2
6239,3
6241,2
6243,4
6247,2
6250,2
6251,2
6253,2
6254,2
6258,2
6259,3
6261,3
6262,2
6267,2
6269,6
6270,3
6273,2
6274,2
6277,2
6279,4
6280,3
6285,2
6286,4
6287,3
6291,4
6292,3
6293,3
6295,3
6296,2
6298,4
6301,3
6304,2
6305,2
6307,2
6308,2
6309,2
6311,2
6312,2
6314,4
6316,2
6317,4
6318,5
6319,2
6320,2
6322,2
6325,3
6326,2
6328,5
6332,2
6333,4
6334,2
6335,2
6336,2
6338,2
6339,2
6340,3
6343,3
6345,2
6347,4
6351,5
6352,2
6355,2
6357,2
6359,2
6360,3
6361,2
6362,2
6364,5
6366,2
6367,2
6368,2
6370,3
6371,3
6372,2
6379,3
6381,2
6383,4
6384,4
6386,2
6387,2
6389,2
6395,4
6397,3
6398,3
6399,2
6400,2
6401,3
6402,2
6403,2
6404,2
6406,4
6409,4
6415,2
6416,5
6417,2
6419,2
6420,2
6421,5
6423,2
6425,3
6426,2
6427,3
6428,3
6429,4
6431,4
6435,3
6442,2
6444,3
6446,2
6447,2
6449,2
6452,4
6453,3
6454,2
6456,2
6457,3
6460,5
6463,3
6464,3
6466,3
6467,3
6468,6
6471,2
6473,3
6475,3
6476,2
6477,7
6480,3
6481,3
6482,4
6484,2
6486,5
6489,3
6490,3
6492,2
6493,5
6495,2
6496,2
6499,2
6500,3
6504,2
6505,2
6508,4
6510,4
6511,2
6512,2
6514,2
6518,4
6521,3
6527,4
6528,2
6529,2
6530,5
6531,2
6532,3
6533,2
6535,4
6536,6
6539,2
6540,2
6542,2
6544,2
6545,3
6546,2
6549,2
6551,2
6554,2
6555,2
6558,2
6564,3
6566,2
6567,3
6568,2
6569,3
6571,2
6573,2
6574,2
6578,2
6581,2
6582,6
6583,2
6584,2
6588,2
6593,3
6594,2
6596,2
6597,2
6598,4
6603,2
6604,2
6606,3
6608,4
6609,2
6610,2
6613,5
6614,2
6615,2
6618,4
6623,2
6625,4
6629,2
6631,2
6633,3
6636,3
6638,3
6641,2
6642,2
6646,4
6651,3
6652,3
6653,3
6654,2
6656,3
6657,2
6658,4
6664,2
6665,2
6670,2
6674,5
6678,3
6679,6
6680,2
6681,4
6683,2
6690,3
6691,2
6693,2
6696,3
6697,2
6699,3
6701,2
6703,3
6705,3
6711,2
6712,3
6714,2
6715,3
6716,2
6719,3
6722,3
6726,2
6727,2
6728,4
6733,3
6734,2
6735,4
6737,2
6739,3
6742,2
6744,3
6747,2
6752,2
6755,3
6757,2
6759,2
6760,2
6761,3
6762,2
6767,2
6769,3
6770,2
6771,3
6772,3
6773,2
6774,2
6776,2
6777,4
6779,2
6780,3
6782,2
6785,4
6787,4
6789,3
6793,3
6795,3
6796,2
6797,2
6798,3
6799,2
6800,3
6802,2
6810,4
6811,3
6812,3
6816,2
6818,3
6822,3
6825,3
6827,2
6828,3
6830,3
6832,2
6833,4
6834,3
6837,3
6838,2
6841,4
6844,3
6847,3
6848,2
6853,4
6854,4
6855,2
6856,2
6857,2
6858,2
6861,3
6862,2
6863,2
6864,3
6866,2
6867,5
6868,3
6870,2
6871,3
6873,4
6875,3
6876,5
6878,2
6879,2
6881,2
6882,2
6883,2
6884,2
6885,3
6889,2
6896,5
6897,2
6899,3
6900,3
6901,4
6902,3
6906,3
6907,3
6909,2
6910,2
6912,2
6913,3
6914,4
6915,2
6916,3
6917,2
6920,2
6922,3
6923,2
6924,3
6925,2
6926,5
6927,5
6931,3
6937,2
6940,4
6941,2
6942,2
6945,2
6946,2
6948,2
6952,3
6954,2
6955,2
6956,3
6957,3
6964,2
6965,2
6966,2
6971,2
6972,2
6974,2
6975,2
6976,2
6977,2
6978,2
6986,2
6987,3
6990,4
6992,3
6993,2
6997,2
6998,2
6999,2
7000,2
7007,4
7010,2
7012,2
7013,2
7017,2
7020,2
7023,2
7024,2
7025,3
7027,2
7029,3
7030,2
7031,3
7033,3
7036,2
7038,2
7039,2
7044,2
7045,2
7046,4
7049,2
7050,3
7051,2
7054,5
7055,2
7058,2
7061,2
7062,2
7071,4
7075,2
7076,5
7078,4
7082,4
7084,2
7085,3
7089,3
7094,2
7096,4
7098,2
7099,4
7102,3
7103,2
7105,2
7108,4
7111,2
7113,3
7114,2
7116,2
7118,3
7119,3
7121,2
7122,3
7124,2
7125,4
7126,3
7128,2
7130,4
7131,5
7134,2
7136,3
7139,2
7143,3
7144,4
7145,2
7148,2
7149,3
7154,2
7156,3
7158,2
7159,3
7161,3
7166,4
7168,2
7169,3
7172,2
7174,2
7176,3
7179,2
7181,4
7186,3
7187,5
7191,2
7199,3
7200,2
7201,3
7206,2
7208,7
7211,3
7212,2
7215,3
7221,2
7223,2
7225,3
7228,3
7229,3
7232,4
7234,2
7237,2
7240,3
7241,4
7242,2
7243,3
7244,5
7246,4
7248,3
7249,4
7250,6
7251,4
7252,4
7258,5
7261,2
7265,6
7266,2
7267,2
7268,5
7269,2
7272,2
7274,4
7275,3
7277,2
7279,3
7280,4
7283,2
7287,2
7290,5
7291,2
7292,3
7293,3
7294,3
7295,2
7296,2
7297,3
7298,2
7299,5
7301,3
7303,3
7304,4
7305,3
7308,4
7310,2
7313,4
7314,2
7316,3
7318,3
7321,2
7322,2
7326,3
7328,3
7329,3
7333,2
7334,3
7336,3
7337,2
7339,4
7342,3
7343,2
7344,2
7347,5
7348,2
7350,3
7352,2
7355,2
7357,2
7358,3
7360,2
7361,3
7365,4
7366,5
7370,5
7371,3
7372,2
7374,2
7375,2
7377,2
7378,2
7381,2
7382,3
7385,2
7388,4
7389,3
7390,4
7392,2
7394,3
7395,2
7396,3
7398,3
7399,2
7401,3
7404,3
7405,2
7407,5
7408,2
7411,3
7412,2
7415,2
7419,2
7420,2
7425,3
7427,4
7431,2
7436,3
7437,3
7438,3
7439,3
7443,2
7444,3
7445,2
7447,3
7449,2
7450,2
7452,2
7453,4
7456,4
7457,2
7459,4
7460,2
7461,5
7463,2
7464,2
7465,2
7466,4
7467,2
7468,2
7469,2
7470,2
7471,2
7473,2
7474,2
7479,3
7484,4
7487,2
7488,2
7489,2
7490,2
7491,2
7492,3
7493,7
7496,2
7498,2
7500,2
7502,4
7506,3
7509,2
7511,3
7513,3
7517,2
7519,3
7520,4
7521,3
7523,3
7524,6
7527,2
7528,2
7531,4
7532,3
7534,2
7535,2
7539,3
7541,2
7542,4
7543,3
7547,3
7548,3
7549,2
7552,2
7554,4
7557,4
7558,2
7559,3
7561,3
7562,2
7563,3
7564,2
7565,2
7566,4
7567,3
7570,2
7571,2
7574,2
7576,3
7577,3
7581,3
7582,2
7584,2
7586,4
7588,3
7589,3
7590,3
7591,4
7593,4
7594,3
7595,2
7597,3
7598,2
7599,2
7600,2
7601,2
7602,2
7606,2
7607,6
7609,2
7611,2
7619,2
7620,2
7622,5
7626,3
7627,3
7628,2
7631,2
7633,2
7635,3
7637,3
7638,2
7639,3
7643,3
7644,4
7646,3
7651,2
7652,3
7653,3
7654,2
7655,2
7656,2
7658,4
7660,2
7662,2
7664,2
7666,2
7667,3
7668,2
7669,3
7671,4
7672,2
7674,3
7679,2
7680,2
7682,2
7684,2
7687,2
7688,2
7690,2
7691,3
7693,2
7694,2
7695,3
7697,3
7698,3
7704,2
7714,2
7715,2
7716,5
7717,2
7723,2
7726,3
7730,3
7735,6
7737,4
7738,2
7742,2
7743,2
7746,2
7750,3
7752,2
7755,3
7759,3
7761,2
7763,3
7764,4
7765,2
7767,3
7768,2
7769,4
7770,2
7771,3
7772,2
7776,2
7779,3
7783,2
7784,2
7785,2
7790,2
7792,3
7793,3
7795,2
7798,4
7799,2
7800,3
7801,2
7802,2
7804,2
7807,3
7808,2
7809,3
7810,5
7813,2
7815,2
7816,2
7819,4
7822,3
7823,2
7824,2
7825,2
7831,2
7835,4
7841,4
7843,2
7844,3
7848,4
7850,4
7852,6
7857,3
7859,3
7860,2
7861,2
7862,2
7864,2
7867,2
7869,4
7872,3
7874,5
7876,2
7877,2
7879,2
7882,3
7884,2
7885,3
7888,2
7889,2
7891,2
7893,2
7894,2
7895,2
7899,3
7901,3
7902,2
7903,2
7904,3
7905,2
7908,2
7909,3
7910,3
7911,3
7913,2
7914,2
7916,2
7917,2
7918,3
7919,5
7920,2
7923,2
7924,2
7925,2
7929,3
7930,2
7932,6
7934,6
7937,3
7938,3
7939,2
7941,3
7944,2
7946,3
7947,3
7948,3
7950,6
7951,3
7954,2
7955,2
7957,2
7958,3
7963,2
7965,4
7967,2
7971,2
7973,3
7974,5
7977,2
7978,2
7979,2
7980,3
7981,2
7982,2
7983,3
7984,2
7985,2
7987,2
7989,5
7991,2
7994,2
7995,3
7997,5
7998,2
7999,2
8004,2
8005,2
8007,2
8008,2
8011,2
8012,2
8014,3
8015,2
8019,2
8020,5
8021,3
8022,2
8023,2
8025,2
8027,2
8030,2
8031,2
8032,5
8033,2
8035,3
8039,3
8043,3
8045,7
8046,3
8049,2
8051,3
8052,3
8054,2
8055,2
8059,2
8062,3
8063,2
8064,2
8065,4
8069,2
8070,2
8074,5
8075,3
8077,4
8079,3
8080,4
8081,4
8083,2
8084,3
8085,2
8086,3
8088,3
8089,3
8090,2
8091,3
8096,3
8099,2
8100,3
8101,2
8104,2
8105,2
8106,2
8107,3
8110,2
8111,2
8113,2
8114,3
8116,4
8118,3
8119,2
8121,3
8123,2
8124,2
8126,4
8128,2
8130,4
8132,2
8136,2
8137,2
8138,2
8140,2
8141,2
8144,4
8145,3
8146,2
8149,2
8151,2
8153,2
8154,3
8155,3
8157,3
8158,2
8159,3
8161,2
8163,2
8165,3
8167,2
8170,5
8171,6
8175,3
8178,4
8179,2
8182,2
8189,3
8190,3
8191,2
8192,2
8194,2
8196,2
8198,2
8199,2
8206,3
8208,4
8214,6
8215,2
8218,2
8220,2
8224,2
8227,2
8230,2
8231,7
8234,2
8235,3
8239,3
8240,5
8242,2
8244,2
8246,4
8247,2
8248,3
8250,2
8253,5
8258,3
8259,5
8260,2
8263,2
8264,3
8267,2
8268,2
8271,6
8273,4
8274,2
8276,3
8278,2
8279,2
8281,2
8282,3
8284,2
8287,2
8291,2
8292,3
8293,5
8295,3
8298,2
8304,2
8305,4
8306,3
8308,4
8311,2
8314,2
8317,2
8319,5
8324,4
8327,2
8328,4
8329,4
8330,2
8331,4
8333,2
8334,2
8335,2
8337,6
8338,2
8342,2
8343,2
8347,2
8349,3
8350,4
8353,4
8354,6
8357,5
8359,2
8361,5
8362,4
8365,2
8366,3
8368,4
8370,3
8375,3
8378,2
8380,2
8381,3
8382,2
8385,3
8387,2
8388,2
8392,4
8393,2
8394,2
8396,3
8397,5
8401,2
8403,2
8404,4
8405,3
8406,4
8408,2
8409,2
8412,2
8415,2
8416,2
8418,4
8423,2
8424,2
8425,3
8430,3
8431,3
8433,2
8434,3
8436,3
8437,3
8438,2
8443,4
8444,2
8449,2
8450,2
8451,2
8454,6
8455,2
8458,3
8460,4
8469,2
8471,2
8472,6
8474,4
8475,3
8476,2
8477,2
8478,2
8481,2
8485,3
8486,3
8487,2
8488,2
8489,2
8493,3
8495,4
8496,2
8498,2
8499,2
8500,2
8501,2
8502,3
8503,2
8504,2
8505,2
8506,3
8509,2
8513,3
8516,2
8517,5
8519,2
8522,2
8524,2
8526,2
8527,2
8529,2
8531,2
8533,2
8536,2
8538,3
8540,5
8541,3
8542,4
8544,2
8547,2
8548,4
8549,3
8551,4
8552,3
8555,3
8556,2
8557,3
8558,2
8559,3
8566,2
8567,3
8569,2
8570,2
8574,2
8578,2
8580,3
8584,3
8586,4
8587,2
8588,2
8589,3
8590,5
8591,2
8594,4
8598,5
8601,2
8602,2
8606,5
8610,2
8612,2
8621,2
8622,2
8624,2
8625,2
8627,2
8628,4
8629,2
8638,2
8643,3
8644,2
8645,3
8648,2
8651,2
8656,5
8657,3
8658,2
8660,2
8663,2
8667,4
8668,2
8669,4
8672,5
8674,2
8676,2
8679,4
8680,4
8684,3
8685,2
8688,2
8695,2
8697,3
8698,5
8699,3
8700,2
8704,3
8705,2
8707,3
8708,5
8709,2
8710,3
8711,5
8714,2
8715,4
8716,4
8718,2
8720,2
8722,2
8723,2
8725,2
8726,2
8731,3
8734,2
8735,2
8737,2
8738,3
8739,3
8742,3
8744,2
8746,2
8748,2
8750,2
8751,3
8753,2
8755,3
8756,6
8758,4
8760,3
8761,3
8763,3
8765,3
8766,2
8770,3
8772,3
8773,3
8774,3
8776,5
8777,2
8778,3
8779,4
8780,4
8784,2
8785,3
8786,4
8787,2
8790,2
8792,2
8793,2
8794,4
8795,5
8796,2
8801,3
8802,3
8803,2
8804,3
8805,3
8807,4
8808,3
8809,2
8812,5
8813,3
8816,4
8817,3
8818,2
8820,2
8822,6
8823,2
8824,2
8825,3
8828,2
8829,2
8833,2
8835,3
8836,4
8837,2
8838,3
8839,2
8841,2
8843,2
8844,2
8846,5
8847,3
8849,2
8851,2
8853,3
8856,2
8857,2
8862,2
8863,2
8865,2
8867,2
8869,4
8871,5
8872,2
8873,4
8875,2
8877,3
8878,2
8881,3
8890,3
8891,4
8897,3
8899,3
8900,3
8903,3
8906,3
8909,3
8910,2
8911,2
8912,4
8913,2
8916,3
8917,2
8918,2
8919,2
8920,3
8921,4
8924,2
8925,2
8927,2
8933,3
8935,2
8936,2
8938,4
8940,2
8941,2
8944,2
8947,2
8949,2
8950,2
8953,2
8957,2
8960,5
8961,2
8962,2
8964,3
8965,3
8967,4
8972,4
8973,3
8975,2
8978,2
8979,2
8982,3
8988,2
8989,2
8992,4
8993,2
8998,2
8999,6
9000,2
9001,3
9005,2
9008,3
9009,3
9010,2
9011,6
9013,3
9014,2
9015,4
9016,2
9019,3
9020,2
9022,3
9023,2
9024,2
9028,3
9029,2
9032,3
9033,2
9035,2
9036,2
9037,2
9038,3
9041,2
9042,2
9043,2
9045,2
9046,2
9049,2
9050,2
9051,2
9053,2
9055,3
9056,2
9057,3
9059,4
9060,2
9061,2
9062,2
9063,3
9064,3
9068,2
9071,2
9072,2
9073,2
9074,3
9076,2
9077,2
9078,4
9082,2
9084,5
9089,2
9095,4
9097,2
9099,3
9101,2
9102,4
9104,2
9106,2
9107,2
9108,2
9109,3
9110,3
9113,2
9114,3
9115,4
9116,2
9117,2
9119,5
9122,2
9123,3
9126,4
9127,2
9128,3
9132,5
9133,3
9135,2
9137,3
9138,2
9139,2
9140,3
9141,4
9142,2
9143,2
9144,2
9145,2
9146,2
9147,3
9148,2
9151,2
9153,2
9154,3
9156,2
9158,3
9159,2
9161,4
9163,2
9165,4
9166,3
9171,3
9172,4
9174,2
9177,5
9179,5
9183,3
9185,3
9186,3
9187,2
9188,2
9189,2
9191,2
9192,4
9195,3
9197,3
9199,5
9202,2
9204,2
9206,3
9209,3
9211,2
9214,2
9215,2
9218,2
9219,2
9220,2
9221,2
9222,5
9224,2
9225,2
9226,3
9227,3
9228,3
9230,4
9232,2
9234,2
9235,2
9238,2
9240,2
9243,7
9245,4
9246,6
9247,5
9248,3
9250,2
9252,2
9253,2
9254,2
9264,3
9267,3
9271,2
9272,3
9274,2
9275,2
9277,2
9279,3
9281,2
9283,3
9284,3
9288,2
9289,3
9290,3
9291,3
9294,2
9297,2
9299,2
9301,3
9305,2
9306,3
9308,2
9309,3
9310,2
9312,2
9313,2
9314,4
9315,3
9316,2
9317,4
9320,2
9322,4
9324,3
9328,5
9329,2
9331,2
9333,2
9334,4
9335,2
9336,2
9340,3
9341,2
9342,3
9343,2
9345,2
9346,2
9348,3
9350,3
9351,2
9352,2
9353,2
9357,3
9360,3
9362,2
9364,4
9369,3
9370,2
9372,3
9376,3
9378,5
9379,3
9381,4
9384,3
9388,4
9391,2
9393,3
9396,2
9401,2
9408,2
9411,2
9412,2
9420,4
9422,3
9424,3
9425,2
9427,3
9428,2
9429,2
9432,2
9433,4
9436,2
9437,4
9444,4
9445,2
9447,3
9448,2
9452,2
9453,2
9457,3
9458,2
9466,3
9467,5
9470,4
9471,2
9474,2
9476,7
9481,3
9484,2
9486,2
9490,3
9496,3
9499,3
9500,2
9501,2
9502,2
9508,2
9509,2
9510,2
9514,3
9516,5
9518,3
9520,4
9524,2
9526,2
9529,3
9530,2
9533,2
9534,2
9536,5
9537,2
9538,3
9540,2
9543,3
9544,2
9548,2
9551,2
9552,2
9556,3
9561,2
9563,3
9564,4
9569,3
9570,5
9572,2
9573,3
9574,3
9575,2
9577,3
9578,3
9581,3
9583,3
9584,2
9586,4
9587,3
9588,2
9592,2
9594,2
9597,3
9598,4
9599,2
9602,3
9604,2
9605,4
9607,2
9608,2
9611,2
9612,2
9614,2
9615,2
9618,3
9619,2
9621,2
9623,3
9625,3
9626,2
9627,2
9631,3
9632,2
9637,2
9638,2
9645,2
9647,3
9648,2
9652,4
9653,3
9655,3
9656,3
9659,3
9660,3
9662,2
9664,3
9665,2
9666,5
9667,3
9668,3
9669,3
9670,2
9676,2
9677,2
9682,3
9684,4
9686,2
9689,3
9690,3
9691,4
9692,3
9693,5
9694,3
9695,3
9697,4
9698,4
9700,3
9702,3
9707,2
9708,3
9709,3
9710,2
9711,3
9712,2
9713,3
9714,3
9715,3
9717,2
9721,2
9722,2
9724,3
9727,2
9729,2
9730,3
9735,3
9736,3
9737,2
9739,2
9740,4
9741,3
9742,2
9743,5
9746,2
9748,5
9749,2
9750,2
9751,5
9757,2
9759,2
9761,3
9762,2
9763,2
9766,2
9767,2
9768,2
9769,3
9770,2
9772,3
9773,2
9780,2
9782,3
9784,2
9785,2
9786,4
9787,2
9788,3
9790,2
9795,3
9796,2
9797,2
9798,4
9799,2
9801,2
9802,3
9804,3
9806,3
9808,4
9810,4
9818,6
9819,2
9820,3
9821,2
9822,2
9824,5
9826,2
9827,4
9829,3
9830,2
9831,3
9832,3
9834,2
9835,4
9836,2
9837,4
9840,4
9841,4
9844,3
9847,4
9849,4
9850,2
9852,2
9854,2
9855,2
9856,3
9860,2
9864,2
9866,2
9868,2
9870,4
9871,4
9873,3
9875,5
9876,2
9877,3
9882,2
9886,2
9887,2
9892,2
9893,3
9896,2
9898,2
9899,3
9900,2
9903,3
9907,2
9908,3
9912,4
9918,2
9919,4
9920,2
9922,3
9924,3
9925,2
9928,2
9929,2
9932,2
9938,3
9940,2
9941,3
9944,2
9945,2
9946,4
9948,2
9949,3
9953,2
9955,7
9956,3
9962,2
9964,6
9970,3
9973,2
9977,2
9978,5
9979,4
9981,4
9984,2
9986,3
9988,3
9990,2
9991,3
9993,2
9994,2
9995,3
9999,2
